AccountID,CustomerID,AccountTypeID,AccountStatusID,Balance,OpeningDate,Age_days,Is_Outlier_Balance,Balance_category
200094,10123,3,1,48348.54,2018-06-12,2972,0,High
201108,10077,3,1,35001.41,2019-10-30,2467,0,Medium
201453,10321,3,2,57081.03,2020-05-24,2260,0,Medium
200581,10871,5,1,63164.33,2021-01-27,2012,0,Low
200003,10765,1,1,58739.64,2018-09-12,2880,0,High
201097,10903,1,1,45430.05,2021-07-18,1840,0,Low
201343,10681,5,1,15435.59,2018-07-24,2930,0,High
201250,11038,5,1,52166.08,2018-07-10,2944,0,High
201001,10655,4,2,14569.86,2021-07-09,1849,0,Low
200342,10672,4,1,76080.75,2019-06-04,2615,0,Medium
200892,10352,2,1,81466.67,2021-05-25,1894,0,Low
200919,10981,4,1,7162.42,2019-08-24,2534,0,Medium
200883,10262,5,1,96755.41,2018-01-15,3120,0,High
200478,10207,2,1,97341.47,2019-05-20,2630,0,High
201012,10509,1,3,85030.52,2020-08-26,2166,0,Medium
200910,10582,3,3,63487.32,2018-01-21,3114,0,High
201488,10796,4,1,30363.58,2021-02-08,2000,0,Low
200828,10792,3,1,42829.95,2020-05-05,2279,0,Medium
200757,10535,3,1,75543.44,2018-11-10,2821,0,High
201331,11051,1,1,15923.19,2020-11-24,2076,0,Low
200761,10583,5,1,66945.73,2020-02-14,2360,0,Medium
200611,10777,3,1,52143.22,2019-02-26,2713,0,High
200164,10556,1,1,64746.74,2020-07-09,2214,0,Medium
201595,11083,1,1,21641.13,2020-10-25,2106,0,Low
201025,10181,1,1,21398.11,2018-04-03,3042,0,High
201302,10877,5,1,13689.45,2021-02-04,2004,0,Low
200806,10133,3,1,44471.11,2021-08-11,1816,0,Low
200975,10997,2,2,58687.34,2018-09-08,2884,0,High
200473,10562,5,1,10594.45,2020-02-23,2351,0,Medium
200949,10327,2,2,5215.19,2019-10-09,2488,0,Medium
200241,10770,2,1,22583.96,2020-01-03,2402,0,Medium
200816,10298,2,1,17693.91,2018-08-28,2895,0,High
200262,10850,4,1,70727.24,2019-09-05,2522,0,Medium
200730,10738,1,1,47523.73,2018-05-28,2987,0,High
200855,10812,4,1,24602.31,2019-03-01,2710,0,High
200985,10828,1,1,11914.04,2019-07-27,2562,0,Medium
200960,10739,2,1,52107.05,2021-12-30,1675,0,Low
201479,10519,5,1,43902.35,2020-10-01,2130,0,Low
200350,10419,4,1,76198.19,2019-05-02,2648,0,High
201495,10428,2,1,28566.86,2020-03-04,2341,0,Medium
201248,10923,2,1,13715.4,2021-05-17,1902,0,Low
201054,10692,5,2,17254.85,2018-12-30,2771,0,High
200588,10296,5,1,48270.26,2020-07-02,2221,0,Medium
200124,10661,2,3,46628.24,2021-11-29,1706,0,Low
201130,10331,4,1,72455.96,2020-02-02,2372,0,Medium
200634,10324,3,1,72073.9,2021-03-25,1955,0,Low
200595,10991,1,2,38432.58,2021-11-11,1724,0,Low
200798,10224,5,3,8837.62,2020-02-09,2365,0,Medium
200901,10936,4,1,22947.15,2018-11-04,2827,0,High
200088,10024,3,1,26174.79,2019-01-30,2740,0,High
201383,10066,2,1,29435.63,2019-04-24,2656,0,High
200641,10528,3,1,74153.48,2020-01-12,2393,0,Medium
200931,10340,3,2,14835.88,2018-08-18,2905,0,High
201543,10236,5,1,3399.25,2018-06-16,2968,0,High
200836,10883,5,1,-233.87,2019-01-19,2751,0,High
201028,10145,3,1,6784.78,2018-02-07,3097,0,High
201512,10194,2,1,61227.34,2019-08-25,2533,0,Medium
200357,10030,1,1,33379.74,2020-08-15,2177,0,Medium
200374,10745,3,1,82926.12,2018-02-13,3091,0,High
201168,11042,1,1,8278.63,2020-08-29,2163,0,Medium
200835,10913,4,3,70736.67,2021-11-22,1713,0,Low
200672,10736,1,1,33094.26,2020-09-07,2154,0,Medium
201115,10014,1,2,83513.23,2021-06-18,1870,0,Low
201498,10723,1,1,60251.22,2020-10-24,2107,0,Low
201377,10592,2,3,4677.54,2020-12-29,2041,0,Low
201249,10072,4,1,42979.84,2020-04-06,2308,0,Medium
201450,10657,4,1,45858.74,2019-07-04,2585,0,Medium
200978,10619,2,1,47109.88,2020-03-08,2337,0,Medium
201134,10390,1,1,61924.24,2021-07-20,1838,0,Low
201407,10152,2,1,43249.76,2021-12-19,1686,0,Low
201475,10718,4,1,80350.86,2018-02-01,3103,0,High
201224,10072,3,1,78730.2,2020-08-29,2163,0,Medium
200299,10053,1,1,77758.44,2018-10-12,2850,0,High
200559,10568,1,1,69307.18,2021-02-03,2005,0,Low
200444,10779,1,1,4103.36,2019-02-10,2729,0,High
201375,10956,2,1,93655.02,2020-01-20,2384,0,Medium
201370,11081,3,1,45552.93,2022-01-05,1669,0,Low
201007,10541,3,1,19557.46,2019-07-01,2588,0,Medium
200260,10742,1,2,66974.97,2018-06-07,2977,0,High
200171,10729,1,1,19826.46,2020-06-19,2234,0,Medium
200689,10205,1,1,80386.19,2020-08-31,2161,0,Medium
200105,10625,5,2,33473.34,2018-10-29,2833,0,High
201201,10760,2,1,16158.07,2018-06-27,2957,0,High
200448,11068,4,2,89822.89,2018-10-15,2847,0,High
200807,10387,2,3,94042.15,2019-03-10,2701,0,High
201521,10895,5,1,19290.69,2019-10-19,2478,0,Medium
200988,10614,5,1,32176.3,2018-09-08,2884,0,High
200156,10492,5,1,44226.17,2020-01-24,2381,0,Medium
200027,10691,5,1,37361.45,2020-11-06,2094,0,Low
200612,10743,2,1,65135.68,2018-09-16,2876,0,High
201492,11095,5,2,69060.9,2019-04-15,2665,0,High
200947,10906,1,1,12696.33,2021-04-08,1941,0,Low
200043,10894,4,1,79719.69,2021-07-31,1827,0,Low
201163,10554,3,1,18417.51,2019-11-28,2438,0,Medium
200801,10377,1,1,66280.88,2019-11-15,2451,0,Medium
200899,10265,3,1,60784.62,2018-12-12,2789,0,High
200356,10450,3,2,9782.45,2018-05-25,2990,0,High
200233,11062,4,1,52635.31,2018-11-15,2816,0,High
200330,10729,1,1,87731.37,2019-10-08,2489,0,Medium
200909,10066,4,1,10768.21,2018-09-24,2868,0,High
200021,10929,1,2,75314.83,2018-08-02,2921,0,High
200268,10345,2,1,63328.69,2018-01-25,3110,0,High
200943,10475,1,1,94132.42,2018-03-25,3051,0,High
200243,10698,3,1,28537.58,2018-11-21,2810,0,High
200209,10141,5,2,20828.49,2018-11-25,2806,0,High
200800,10896,5,1,66997.3,2021-11-07,1728,0,Low
200228,10997,3,1,10485.76,2019-12-28,2408,0,Medium
201269,10041,5,1,30914.75,2019-11-10,2456,0,Medium
200578,10705,4,2,24570.15,2018-09-03,2889,0,High
200498,10800,1,1,15998.84,2018-12-04,2797,0,High
201605,10458,1,3,61452.84,2021-01-10,2029,0,Low
200096,10659,2,2,7371.56,2018-10-18,2844,0,High
200824,10075,4,1,33251.84,2019-10-31,2466,0,Medium
201287,10741,5,1,61811.52,2021-08-02,1825,0,Low
201209,10748,2,1,44989.68,2021-01-25,2014,0,Low
201502,10718,3,1,68003.49,2019-07-21,2568,0,Medium
200615,10651,1,1,97085.48,2018-08-27,2896,0,High
200019,10987,2,1,46697.84,2018-04-14,3031,0,High
200363,11017,4,1,61675.17,2021-07-06,1852,0,Low
201496,10985,5,1,7522.28,2019-05-04,2646,0,High
200987,10173,2,1,74953.59,2022-01-26,1648,0,Low
201627,10297,2,1,63276.07,2021-06-07,1881,0,Low
200198,10710,4,1,41712.43,2020-08-30,2162,0,Medium
200768,10472,5,2,35557.51,2020-01-09,2396,0,Medium
200239,10608,2,1,90045.38,2020-09-08,2153,0,Medium
201257,10807,3,1,75151.44,2018-05-11,3004,0,High
200093,10753,3,1,94367.39,2020-08-13,2179,0,Medium
201256,10443,4,1,54267.69,2019-10-25,2472,0,Medium
200575,10473,3,1,68796.18,2020-03-17,2328,0,Medium
201369,10130,1,1,28474.18,2020-08-22,2170,0,Medium
200778,10543,3,2,56580.01,2021-10-09,1757,0,Low
201197,10817,5,1,33695.66,2019-05-13,2637,0,High
201403,10950,3,2,19307.32,2021-10-04,1762,0,Low
200942,10448,4,1,20566.29,2018-06-25,2959,0,High
201290,10518,4,1,65129.17,2020-04-25,2289,0,Medium
201303,10434,4,1,52486.18,2021-03-20,1960,0,Low
200683,10887,3,1,77337.56,2018-02-19,3085,0,High
201178,10500,4,1,91571.7,2019-09-06,2521,0,Medium
200375,10359,3,1,-484.03,2018-01-22,3113,0,High
200602,11032,1,1,37855.48,2020-11-26,2074,0,Low
200911,10472,4,2,1982.54,2021-03-29,1951,0,Low
200389,10893,3,2,63269.23,2020-05-13,2271,0,Medium
200858,10895,1,2,51078.34,2020-12-19,2051,0,Low
200676,10322,3,1,73634.29,2025-11-08,265,0,Low
200552,10920,4,1,57401.58,2020-10-13,2118,0,Low
201507,10305,5,1,66363.63,2019-05-02,2648,0,High
200571,10822,2,1,38267.06,2020-08-23,2169,0,Medium
201328,10378,2,1,8886.02,2020-06-07,2246,0,Medium
200649,10515,5,2,70672.09,2021-03-01,1979,0,Low
201313,10908,3,1,46225.22,2019-12-29,2407,0,Medium
200373,10803,3,1,5341.19,2021-10-02,1764,0,Low
200915,10991,1,1,64672.06,2019-08-30,2528,0,Medium
201384,10669,2,3,80291.35,2018-09-26,2866,0,High
201030,10266,3,1,97583.98,2019-04-17,2663,0,High
201242,10514,1,1,97505.74,2018-10-06,2856,0,High
201461,10909,3,1,1067.92,2018-09-23,2869,0,High
200628,10220,2,2,86449.35,2021-04-25,1924,0,Low
201044,10599,3,1,31813.08,2018-07-26,2928,0,High
201625,10911,3,2,88833.03,2020-10-09,2122,0,Low
201396,10383,4,1,46889.38,2020-02-22,2352,0,Medium
200751,10739,4,1,11153.1,2020-09-28,2133,0,Low
201060,10491,4,1,13816.59,2020-01-16,2389,0,Medium
200022,10697,3,1,54626.23,2021-12-13,1692,0,Low
201315,10821,5,2,98852.39,2020-03-11,2334,0,Medium
200601,11013,2,1,24970.51,2019-03-20,2691,0,High
201536,10978,2,1,53964.3,2018-07-02,2952,0,High
200499,10779,4,1,41756.99,2019-03-13,2698,0,High
200859,11068,1,1,96162.77,2018-05-18,2997,0,High
200539,10891,4,1,63989.93,2021-02-08,2000,0,Low
200879,10491,3,1,81043.65,2018-08-18,2905,0,High
200191,10107,2,1,64668.96,2021-04-07,1942,0,Low
201423,10285,5,1,34139.84,2019-08-29,2529,0,Medium
201100,10349,4,2,7238.29,2020-08-16,2176,0,Medium
200525,10096,4,2,3728.4,2019-05-25,2625,0,High
201285,10410,2,1,7142.29,2019-09-20,2507,0,Medium
200226,10426,5,1,41080.03,2021-01-14,2025,0,Low
200381,10838,4,2,2046.9,2021-01-03,2036,0,Low
201583,11041,4,1,24816.84,2018-08-11,2912,0,High
200424,10522,1,1,88759.77,2021-04-18,1931,0,Low
201040,10664,5,3,34532.54,2020-11-30,2070,0,Low
201235,10446,5,1,43432.25,2020-06-04,2249,0,Medium
200001,10106,2,1,45976.72,2021-07-03,1855,0,Low
200906,10982,5,1,9453.32,2019-12-28,2408,0,Medium
200818,10411,2,1,29665.12,2018-12-28,2773,0,High
200630,10716,5,2,27089.05,2020-12-16,2054,0,Low
200408,10716,3,1,76094.38,2020-08-29,2163,0,Medium
201237,11039,2,1,53106.86,2019-06-04,2615,0,Medium
200776,11083,3,2,40804.47,2020-11-05,2095,0,Low
200054,10316,5,1,63209.82,2018-04-05,3040,0,High
200622,10072,4,1,93463.8,2018-12-25,2776,0,High
200658,10187,5,1,86577.85,2018-08-18,2905,0,High
200967,10930,1,1,64653.85,2019-08-12,2546,0,Medium
200174,10171,4,3,93803.16,2019-01-24,2746,0,High
201406,10906,3,1,11905.54,2018-01-03,3132,0,High
200714,10368,5,1,95795.81,2022-01-20,1654,0,Low
200086,10133,3,1,48388.47,2026-03-20,133,0,Low
200810,10209,1,1,50288.56,2021-12-29,1676,0,Low
201598,10928,1,1,87141.62,2020-12-21,2049,0,Low
201378,10291,5,1,3388.13,2019-08-12,2546,0,Medium
201125,10719,4,1,31958.06,2018-02-11,3093,0,High
201503,10298,2,2,8447.57,2018-05-23,2992,0,High
201622,10328,3,1,53194.87,2018-11-30,2801,0,High
200745,10326,5,1,67365.33,2020-02-10,2364,0,Medium
200687,10338,4,3,62288.73,2020-01-20,2384,0,Medium
200547,10655,1,1,31878.18,2018-02-17,3087,0,High
200748,10764,2,1,30016.82,2020-05-02,2282,0,Medium
200289,10699,4,1,59032.48,2018-11-13,2818,0,High
200460,10989,3,1,19062.04,2020-04-05,2309,0,Medium
201571,10738,3,1,75100.88,2020-11-21,2079,0,Low
200148,10680,2,1,19169.97,2019-01-08,2762,0,High
200516,10951,3,1,8374.94,2021-02-25,1983,0,Low
201043,10829,4,1,98193.39,2025-11-01,272,0,Low
201437,10836,1,1,73882,2019-09-22,2505,0,Medium
200338,10603,5,1,94115.37,2019-08-22,2536,0,Medium
201193,10568,2,1,23397.62,2020-01-18,2387,0,Medium
200076,10350,4,3,84752.19,2019-04-02,2678,0,High
200765,10484,5,1,87592.18,2020-05-05,2279,0,Medium
200206,10909,4,1,60464.15,2019-04-22,2658,0,High
200102,10446,4,1,81059.87,2020-09-10,2151,0,Medium
200302,10053,3,1,66179.18,2019-01-06,2764,0,High
200572,10963,3,1,69371.4,2022-02-06,1637,0,Low
200840,10502,5,1,6781.42,2019-06-18,2601,0,Medium
200248,10636,2,1,56908.2,2021-01-23,2016,0,Low
200956,10887,3,1,1763.48,2018-12-28,2773,0,High
200495,11051,2,1,99576.52,2018-09-03,2889,0,High
200267,10895,4,2,16849.22,2020-08-26,2166,0,Medium
200418,10205,5,1,92852.87,2022-01-08,1666,0,Low
201188,10050,2,1,1832.23,2021-02-24,1984,0,Low
201589,10272,3,2,87870.96,2019-11-09,2457,0,Medium
201390,10700,5,2,18214.86,2020-05-03,2281,0,Medium
200415,10030,3,1,85956.02,2020-09-26,2135,0,Low
201033,10190,2,1,21893.19,2020-01-20,2384,0,Medium
200679,10353,2,1,95993.15,2021-02-17,1991,0,Low
201436,10706,3,1,11204.58,2018-09-24,2868,0,High
200422,10670,1,1,56501.8,2021-09-25,1771,0,Low
201389,10870,1,1,48802.76,2019-10-20,2477,0,Medium
201399,10628,2,2,62704.13,2019-03-01,2710,0,High
201604,10637,2,1,31197.66,2019-03-30,2681,0,High
201607,10117,3,1,42912.69,2018-02-23,3081,0,High
201022,10050,4,1,42042.75,2018-08-19,2904,0,High
201063,10833,4,2,6138.42,2019-03-22,2689,0,High
201152,10441,4,1,17726.86,2020-01-05,2400,0,Medium
201175,10611,1,1,90209.21,2021-02-02,2006,0,Low
200586,10819,5,1,80092.14,2021-09-02,1794,0,Low
201608,10458,1,1,-332.64,2019-12-05,2431,0,Medium
201349,10713,3,1,44268.2,2019-03-29,2682,0,High
201262,10938,2,1,43169.25,2018-10-19,2843,0,High
200698,10252,1,1,6818.08,2020-05-29,2255,0,Medium
200379,10460,5,1,38941.36,2019-07-29,2560,0,Medium
200309,10800,2,1,88843,2020-04-05,2309,0,Medium
200462,10653,5,1,78226.86,2019-05-30,2620,0,High
200186,10686,2,1,75229.57,2021-09-13,1783,0,Low
200432,10010,3,1,28642.89,2021-05-30,1889,0,Low
201070,10697,1,1,-451.22,2020-07-16,2207,0,Medium
200996,10863,2,1,88081.58,2021-04-18,1931,0,Low
200632,10821,2,1,34136.27,2019-08-20,2538,0,Medium
200671,10617,3,2,71165.2,2021-02-16,1992,0,Low
200686,10719,1,1,21832.9,2019-05-05,2645,0,High
200962,10466,4,1,93428.62,2020-01-13,2392,0,Medium
200523,10496,2,1,10299.2,2020-08-06,2186,0,Medium
200496,10431,3,1,7310.55,2021-06-26,1862,0,Low
200715,10476,5,1,90889.92,2018-07-09,2945,0,High
201129,10527,3,1,97520.65,2021-07-09,1849,0,Low
200645,10027,2,1,87257.64,2020-03-18,2327,0,Medium
200075,10390,1,1,85355.69,2019-09-17,2510,0,Medium
200464,10637,3,1,33402.53,2020-08-10,2182,0,Medium
201189,10739,4,1,16636.45,2020-06-13,2240,0,Medium
200182,10539,5,3,54673.13,2021-12-03,1702,0,Low
200152,11068,5,2,33642.96,2020-07-23,2200,0,Medium
201431,10525,4,1,21044.85,2021-06-05,1883,0,Low
200849,10956,5,1,97799.03,2021-09-26,1770,0,Low
201387,10445,4,1,53314.79,2019-04-03,2677,0,High
200982,10384,5,1,168.24,2020-01-20,2384,0,Medium
200758,10561,3,1,66408.18,2020-07-25,2198,0,Medium
201079,10818,1,1,43246.95,2020-06-14,2239,0,Medium
200713,11085,5,1,36010.17,2020-08-30,2162,0,Medium
201273,11013,4,1,71894.33,2020-09-26,2135,0,Low
200699,10639,2,1,45953.62,2022-01-04,1670,0,Low
200561,10092,1,1,32040.43,2019-01-26,2744,0,High
200663,10534,1,1,30305.49,2021-08-12,1815,0,Low
200166,10498,4,1,6819.43,2021-03-29,1951,0,Low
200907,10045,1,1,82824.07,2018-08-16,2907,0,High
201459,10700,4,1,11158.18,2022-01-11,1663,0,Low
200176,10857,5,2,98824.99,2022-01-21,1653,0,Low
201157,10277,5,1,798.95,2021-01-10,2029,0,Low
200957,10896,4,1,49195.28,2021-08-22,1805,0,Low
201225,10694,2,2,57861.87,2019-12-30,2406,0,Medium
201195,10545,3,1,79409.9,2018-07-23,2931,0,High
200934,10631,5,1,5803.63,2019-08-19,2539,0,Medium
200548,10731,2,1,95485.55,2020-03-12,2333,0,Medium
200688,10785,2,1,31938.31,2018-10-25,2837,0,High
201229,10976,2,1,21440.71,2018-05-10,3005,0,High
200502,10912,1,2,8471.71,2019-01-07,2763,0,High
200873,11081,5,1,33312.88,2019-01-02,2768,0,High
201314,10343,1,1,39814.31,2020-12-22,2048,0,Low
200829,11083,5,1,99367.56,2018-08-03,2920,0,High
200620,10780,3,1,97709.97,2021-12-19,1686,0,Low
200562,10178,3,1,54139.42,2020-06-07,2246,0,Medium
201643,10106,3,3,63417.47,2021-10-23,1743,0,Low
201158,10971,4,1,89490.97,2025-12-11,232,0,Low
201000,10843,2,2,2903.48,2020-08-10,2182,0,Medium
200387,11022,5,1,1484.19,2021-01-02,2037,0,Low
201266,10526,1,1,9506.54,2019-12-04,2432,0,Medium
200590,10670,2,1,34993.26,2019-07-01,2588,0,Medium
200044,10892,2,2,76966.28,2021-03-05,1975,0,Low
200684,10025,4,1,11829.41,2018-09-10,2882,0,High
200295,11080,1,1,24421.48,2020-05-07,2277,0,Medium
201101,10433,2,1,94618.51,2019-01-13,2757,0,High
201485,11002,4,2,40948.29,2018-11-20,2811,0,High
200995,10958,4,1,72530.73,2019-03-07,2704,0,High
200625,10229,1,1,27438.12,2020-02-11,2363,0,Medium
200231,10593,2,1,8421.29,2019-04-09,2671,0,High
200832,10307,1,1,19414.17,2020-05-27,2257,0,Medium
201006,10900,5,1,68744.61,2018-08-21,2902,0,High
200103,10289,2,1,2495.42,2021-10-05,1761,0,Low
200970,10943,5,1,74975.09,2018-11-05,2826,0,High
201217,10972,3,1,15058.27,2019-11-21,2445,0,Medium
201169,10609,3,1,66365.39,2019-09-14,2513,0,Medium
201393,10212,1,1,32876.62,2018-02-28,3076,0,High
200712,10648,2,1,46654.26,2019-12-10,2426,0,Medium
201270,10357,1,1,63489.87,2022-02-07,1636,0,Low
200936,10269,5,1,36884.55,2019-09-28,2499,0,Medium
200407,10449,2,1,86226.61,2021-11-05,1730,0,Low
201253,10568,2,1,78877.32,2020-01-20,2384,0,Medium
200752,10755,1,1,80947.03,2018-06-25,2959,0,High
200139,10198,2,1,21643.34,2018-06-17,2967,0,High
200346,10756,4,1,70376.51,2018-11-08,2823,0,High
200830,10538,5,1,84771.02,2019-08-15,2543,0,Medium
200313,11099,5,1,56305.33,2019-09-03,2524,0,Medium
201090,10259,3,1,82411.23,2021-10-26,1740,0,Low
200320,10990,3,1,8383.78,2021-09-27,1769,0,Low
201548,10857,3,2,92484.05,2019-10-18,2479,0,Medium
200232,10760,1,1,55207.57,2018-10-21,2841,0,High
200744,10982,5,1,96691.7,2019-12-09,2427,0,Medium
201630,10602,4,1,53513.59,2018-09-30,2862,0,High
201421,10635,2,1,84925.81,2020-04-06,2308,0,Medium
200079,10781,3,1,95799.13,2021-01-22,2017,0,Low
201504,10442,5,3,71478.64,2021-08-19,1808,0,Low
201146,10758,2,1,89943.75,2020-12-08,2062,0,Low
201118,10728,4,1,67765.16,2020-04-02,2312,0,Medium
200333,10518,4,1,55863.11,2021-07-22,1836,0,Low
201096,10393,5,1,60980.9,2019-05-15,2635,0,High
200857,10820,1,3,53012.76,2022-01-28,1646,0,Low
201386,10106,3,1,98621.54,2020-01-20,2384,0,Medium
200736,10575,2,1,11911.62,2018-06-13,2971,0,High
200847,10351,2,2,54095.48,2021-01-30,2009,0,Low
201547,10798,3,1,4214.72,2019-05-17,2633,0,High
201121,10449,4,1,27961.66,2020-01-16,2389,0,Medium
200609,10035,5,1,81307.85,2020-08-30,2162,0,Medium
200723,10506,4,1,53411.49,2019-02-05,2734,0,High
200544,11051,4,1,29118.69,2020-12-27,2043,0,Low
201467,11076,5,1,33217.79,2019-07-08,2581,0,Medium
201220,10308,3,1,90588.29,2018-09-11,2881,0,High
200554,10177,5,1,12929.14,2021-12-29,1676,0,Low
201623,10451,4,1,25904.48,2020-01-26,2379,0,Medium
200953,10288,4,2,12654.78,2020-01-25,2380,0,Medium
201588,10535,4,1,49951.87,2020-04-03,2311,0,Medium
201304,10156,4,1,15816.85,2018-09-30,2862,0,High
201563,10586,4,1,62435.08,2019-07-14,2575,0,Medium
201628,10596,4,1,10894.96,2020-07-07,2216,0,Medium
200651,10386,3,2,855.61,2020-07-13,2210,0,Medium
200002,10839,5,1,84008.77,2019-11-15,2451,0,Medium
201016,10958,2,1,56614.15,2019-10-23,2474,0,Medium
200654,10306,4,1,29461.6,2018-08-09,2914,0,High
201316,10545,4,1,31670.18,2020-01-22,2383,0,Medium
200392,10524,4,2,47720.54,2019-10-07,2490,0,Medium
201483,10990,3,1,39530.42,2019-04-28,2652,0,High
200921,10951,4,1,9461.55,2021-02-11,1997,0,Low
200334,10515,3,1,4940.1,2020-10-05,2126,0,Low
201190,10702,2,1,20614.63,2019-04-09,2671,0,High
200501,10227,4,1,75278.53,2019-04-11,2669,0,High
201530,10602,4,1,76520.27,2020-11-10,2090,0,Low
200341,10241,4,1,48035.81,2018-11-13,2818,0,High
200725,10882,1,1,7977.53,2019-03-11,2700,0,High
200040,10493,5,1,28525.67,2019-05-29,2621,0,High
201531,10478,5,1,22180.71,2021-01-02,2037,0,Low
201149,10760,3,1,24309.2,2020-01-20,2384,0,Medium
201084,10411,3,2,8545.33,2021-01-02,2037,0,Low
200945,10412,5,1,62943.1,2018-04-22,3023,0,High
200877,10675,2,1,59425.38,2019-07-23,2566,0,Medium
200446,10998,1,1,46783.99,2019-06-13,2606,0,Medium
200532,10632,3,1,81253.09,2018-10-31,2831,0,High
200961,10360,3,1,49886.14,2018-06-24,2960,0,High
200510,10795,1,2,4532.46,2020-03-26,2319,0,Medium
200513,10997,3,2,76110.76,2020-08-31,2161,0,Medium
201562,11095,5,1,25998.69,2018-08-08,2915,0,High
201637,10091,4,1,9103.9,2018-10-01,2861,0,High
201501,11003,3,1,81538.08,2020-03-25,2320,0,Medium
200775,10848,3,2,988.89,2018-04-19,3026,0,High
201420,10471,4,1,996.08,2018-02-22,3082,0,High
201205,10538,5,1,12062.53,2020-01-30,2375,0,Medium
201288,10202,5,1,19110.41,2019-08-14,2544,0,Medium
200833,10832,2,1,94714.26,2021-05-25,1894,0,Low
201574,10374,5,1,65937.47,2019-02-13,2726,0,High
201480,11000,1,1,90293.79,2020-05-21,2263,0,Medium
200825,10244,5,1,88003.78,2018-03-23,3053,0,High
200682,10773,5,1,22744.42,2019-07-17,2572,0,Medium
200298,10278,2,1,57916.55,2018-03-04,3072,0,High
200224,10662,2,1,93915.37,2026-06-15,46,0,Low
201102,10430,5,1,98536.94,2018-11-19,2812,0,High
200540,10270,3,1,67333.11,2019-11-09,2457,0,Medium
200409,10952,2,1,52437.73,2019-12-05,2431,0,Medium
200049,10716,3,2,97056.5,2018-10-30,2832,0,High
200456,10842,3,2,40616.96,2021-01-08,2031,0,Low
201278,10608,1,1,297.26,2020-01-20,2384,0,Medium
200598,10687,5,1,16337.78,2021-02-20,1988,0,Low
200670,10726,2,1,49866.12,2019-02-15,2724,0,High
200223,10357,1,2,8616.26,2020-02-16,2358,0,Medium
201645,10056,5,2,67221.71,2020-04-14,2300,0,Medium
201286,10224,1,3,98752.9,2018-06-16,2968,0,High
200475,10545,4,1,95560.61,2020-05-19,2265,0,Medium
200846,10855,2,2,81624.65,2018-12-27,2774,0,High
201135,10115,2,1,87109.52,2020-02-02,2372,0,Medium
200783,10493,3,1,25552.59,2021-09-16,1780,0,Low
200603,10797,4,1,78968.31,2019-05-03,2647,0,High
200047,10656,5,1,87103.24,2021-05-25,1894,0,Low
200315,10574,2,1,20955.84,2020-12-07,2063,0,Low
200247,10236,3,1,52971.73,2018-06-19,2965,0,High
200954,10893,3,1,56851.42,2019-09-25,2502,0,Medium
201210,10218,5,2,7138.31,2019-06-11,2608,0,Medium
200068,10369,5,3,45217.07,2020-09-18,2143,0,Low
201347,10649,1,1,33515.77,2018-02-12,3092,0,High
201267,10399,2,1,91798.81,2018-11-09,2822,0,High
200060,10494,4,1,5113.53,2019-05-23,2627,0,High
201296,11058,5,2,7370.12,2018-09-13,2879,0,High
200013,10704,3,3,84904.63,2019-12-10,2426,0,Medium
200710,10143,2,2,74801.11,2020-07-13,2210,0,Medium
201159,10867,3,1,61114.59,2020-06-04,2249,0,Medium
201274,10458,1,2,2700.81,2021-01-23,2016,0,Low
201139,11038,2,1,47313.93,2019-01-05,2765,0,High
200792,10719,2,1,72900.62,2018-09-28,2864,0,High
200033,11027,5,2,6284.54,2018-06-26,2958,0,High
200882,10107,3,1,87535.78,2021-01-06,2033,0,Low
201416,10783,2,3,69925.49,2019-12-03,2433,0,Medium
200275,10669,1,2,27422.79,2018-12-20,2781,0,High
200058,10079,4,1,84232.06,2019-05-25,2625,0,High
200966,10843,5,1,27860.05,2018-06-29,2955,0,High
201539,10254,3,1,76819.46,2019-06-17,2602,0,Medium
200878,10687,3,2,58649.9,2026-03-16,137,0,Low
200265,10634,5,1,97161.64,2019-01-23,2747,0,High
200215,10925,5,1,93508.87,2021-02-21,1987,0,Low
200536,10976,4,1,1991.63,2018-07-07,2947,0,High
201602,10357,2,3,19241.05,2019-04-27,2653,0,High
200132,10956,2,1,76952.07,2020-06-28,2225,0,Medium
201206,10349,3,1,70501.6,2020-11-04,2096,0,Low
200542,10817,4,1,40479.35,2021-05-11,1908,0,Low
200037,10727,1,1,40414.75,2018-02-15,3089,0,High
201318,10055,3,3,46463.91,2018-08-09,2914,0,High
200755,10529,4,1,65092.89,2018-04-14,3031,0,High
201057,10287,2,1,80862.99,2018-08-16,2907,0,High
200809,10681,5,1,80735.96,2022-01-26,1648,0,Low
200082,10330,1,1,13907.67,2021-10-01,1765,0,Low
200063,10760,4,2,80873.7,2019-10-11,2486,0,Medium
200820,10072,3,1,51867.25,2019-02-25,2714,0,High
200414,10207,4,3,87346.91,2021-02-21,1987,0,Low
200437,10455,1,1,49112.5,2020-05-21,2263,0,Medium
201538,10438,5,1,2857.78,2019-06-09,2610,0,Medium
201113,10061,2,1,51248.28,2020-12-21,2049,0,Low
200110,10960,1,1,97375.3,2018-06-06,2978,0,High
201282,10898,3,1,84216.02,2018-03-02,3074,0,High
200743,10704,3,1,22715.48,2019-12-28,2408,0,Medium
200192,10507,4,1,96203.92,2020-06-14,2239,0,Medium
201438,11010,4,1,16137.61,2018-09-05,2887,0,High
200573,10302,5,1,32888.15,2020-03-09,2336,0,Medium
200599,10484,4,1,1921.06,2018-02-25,3079,0,High
200213,10751,1,1,28659.41,2018-11-01,2830,0,High
200343,10052,1,1,30095.9,2018-06-24,2960,0,High
201231,10794,3,2,91941.52,2021-11-25,1710,0,Low
200884,10401,5,1,30778.96,2021-05-02,1917,0,Low
201447,10392,3,1,4120.31,2019-10-22,2475,0,Medium
200386,10642,3,2,71440.11,2021-08-04,1823,0,Low
201233,10500,3,1,3705.27,2021-02-12,1996,0,Low
200031,10913,1,1,84415.35,2021-11-07,1728,0,Low
201167,10894,4,2,6939.38,2020-12-15,2055,0,Low
200101,10501,3,3,81973.76,2019-08-01,2557,0,Medium
201009,10485,3,1,58760.77,2021-08-12,1815,0,Low
200656,10035,4,1,53079.45,2020-01-28,2377,0,Medium
200332,10908,1,2,7437.98,2021-02-12,1996,0,Low
200366,10456,5,1,96922.37,2018-09-10,2882,0,High
201142,10562,1,1,28929.92,2020-09-22,2139,0,Low
200028,11003,2,2,27830.4,2021-11-15,1720,0,Low
201301,10106,5,1,17600.55,2020-03-02,2343,0,Medium
200427,10818,2,1,19976.54,2022-01-14,1660,0,Low
201344,10996,2,1,89803.18,2021-01-29,2010,0,Low
201031,10879,3,1,68630.97,2021-03-11,1969,0,Low
200790,11090,2,1,58371.1,2018-10-09,2853,0,High
200521,10497,4,1,93801.23,2020-09-12,2149,0,Medium
201354,10207,1,1,72901.86,2020-06-29,2224,0,Medium
200897,10823,1,1,4734.68,2021-09-02,1794,0,Low
201222,10374,5,2,83157.4,2019-08-12,2546,0,Medium
201216,10048,3,2,6196.05,2019-02-05,2734,0,High
200196,11020,3,3,38213.2,2021-10-16,1750,0,Low
201458,10503,3,1,94637.81,2019-02-01,2738,0,High
201342,10245,3,1,50624.91,2019-07-30,2559,0,Medium
200402,10418,4,1,10931.61,2020-01-20,2384,0,Medium
200476,10163,5,1,88906.14,2020-01-14,2391,0,Medium
200187,10706,1,1,82125.5,2021-03-02,1978,0,Low
201312,10223,4,1,73001.03,2018-10-14,2848,0,High
200286,11090,3,1,50087.8,2021-11-21,1714,0,Low
201230,10971,5,1,51946.98,2020-11-25,2075,0,Low
200917,10853,1,1,66553.69,2020-04-23,2291,0,Medium
200891,10567,5,1,43164.35,2019-04-17,2663,0,High
201441,10572,2,2,33936.14,2018-06-23,2961,0,High
201019,10689,1,1,52550.59,2020-06-07,2246,0,Medium
200696,10189,1,1,35946.6,2019-08-02,2556,0,Medium
201472,11010,2,1,82901.01,2021-04-05,1944,0,Low
200841,10459,3,2,33874.96,2021-01-22,2017,0,Low
200522,10537,1,3,45129,2018-10-24,2838,0,High
200731,10966,4,1,5811.77,2022-01-23,1651,0,Low
200481,10535,4,1,65910.21,2018-12-13,2788,0,High
200023,10177,4,1,31727.05,2021-11-11,1724,0,Low
201226,10153,5,1,34571.98,2021-03-15,1965,0,Low
201527,10603,3,1,95258.96,2018-10-17,2845,0,High
201045,10044,2,1,10177.2,2019-02-14,2725,0,High
200597,10345,2,1,47257.88,2019-12-17,2419,0,Medium
201164,10426,3,1,55889.89,2018-11-14,2817,0,High
201525,10707,2,3,46295.23,2019-03-09,2702,0,High
200465,10038,5,1,13231.48,2020-01-14,2391,0,Medium
200091,10703,3,1,535.49,2018-05-09,3006,0,High
201639,10255,5,1,36513.17,2019-04-14,2666,0,High
200240,10312,3,1,1004.81,2018-11-05,2826,0,High
200648,10499,1,1,93642.02,2019-02-21,2718,0,High
201594,10035,2,1,99358.56,2019-06-09,2610,0,Medium
200131,10103,3,1,75376.37,2018-05-14,3001,0,High
201212,10280,3,1,28703.58,2018-01-12,3123,0,High
200219,10318,4,1,22228.52,2020-12-25,2045,0,Low
200428,10674,4,1,75436.44,2018-01-06,3129,0,High
201258,10398,1,1,63171.98,2020-09-23,2138,0,Low
201246,10667,2,2,4676.32,2018-05-17,2998,0,High
200083,10686,5,1,34899.8,2018-11-01,2830,0,High
200737,10347,2,3,55587.45,2020-06-14,2239,0,Medium
200610,10219,3,1,77330.66,2021-04-17,1932,0,Low
200184,10286,3,2,23944.96,2019-01-03,2767,0,High
200974,10707,3,1,8628.14,2020-02-26,2348,0,Medium
200886,10634,5,1,30479.46,2021-04-06,1943,0,Low
201636,10395,5,1,90396.34,2021-05-17,1902,0,Low
200940,10258,4,1,67725.96,2021-07-14,1844,0,Low
201221,10840,5,1,46783.8,2020-07-21,2202,0,Medium
201356,11004,1,1,80721.73,2020-04-29,2285,0,Medium
201239,10155,4,1,85907.65,2018-10-23,2839,0,High
201311,10024,4,1,6438.96,2018-02-15,3089,0,High
200880,10529,4,1,50966.65,2021-11-11,1724,0,Low
200245,10471,4,1,15469.8,2019-12-25,2411,0,Medium
200004,10584,5,1,49200.39,2018-07-27,2927,0,High
201147,10851,2,1,28516.97,2019-07-15,2574,0,Medium
201191,10203,5,2,85776.52,2018-01-25,3110,0,High
200870,10585,4,1,41482.99,2025-11-02,271,0,Low
200118,10298,4,1,61554.44,2021-09-10,1786,0,Low
200007,10219,4,1,76868.55,2018-09-14,2878,0,High
200796,11092,5,1,5841.82,2018-02-12,3092,0,High
200984,10762,4,1,68773.85,2019-05-08,2642,0,High
201140,10822,5,1,4804.93,2019-05-01,2649,0,High
200566,10781,2,2,2897.31,2026-01-09,203,0,Low
201400,10739,2,1,75822.77,2020-01-20,2384,0,Medium
201633,10335,2,1,33358.65,2020-04-24,2290,0,Medium
200657,10694,4,1,97893.1,2018-08-14,2909,0,High
201505,10551,5,1,37419.65,2019-11-07,2459,0,Medium
201123,10892,2,1,34304.35,2021-10-24,1742,0,Low
201039,10617,5,1,60458.08,2018-05-07,3008,0,High
201166,10634,1,1,32065.1,2019-06-12,2607,0,Medium
200238,10283,3,1,4204.24,2021-01-31,2008,0,Low
201074,10935,4,1,64799.49,2018-02-28,3076,0,High
200848,10114,5,2,99472.58,2020-10-24,2107,0,Low
201359,10848,5,1,56196,2019-06-30,2589,0,Medium
201098,10573,2,1,71461.59,2019-10-16,2481,0,Medium
200605,10325,1,3,62854.84,2019-02-04,2735,0,High
200483,10397,2,1,7171.9,2021-04-18,1931,0,Low
200794,10243,3,1,89489.35,2019-10-18,2479,0,Medium
200317,10002,2,1,54562.11,2021-12-03,1702,0,Low
200923,10415,4,1,35829.66,2021-04-21,1928,0,Low
200580,10371,5,1,75921.36,2018-03-17,3059,0,High
200254,10478,5,1,57333.16,2020-10-16,2115,0,Low
200061,10838,3,1,71560.95,2020-01-20,2384,0,Medium
200014,10441,5,1,84147.22,2021-12-14,1691,0,Low
200667,10128,5,1,76754.95,2020-12-18,2052,0,Low
200805,11008,4,2,29659.71,2020-09-25,2136,0,Low
200881,10595,5,2,35503.33,2021-03-16,1964,0,Low
201394,10895,2,1,49315.12,2020-09-13,2148,0,Medium
201094,10207,1,2,36704.08,2020-08-18,2174,0,Medium
201443,10185,2,1,23915.53,2021-02-27,1981,0,Low
201326,10042,2,1,88473.99,2019-04-23,2657,0,High
200747,10842,1,2,98152.81,2021-03-19,1961,0,Low
200889,10002,5,1,72356.98,2020-12-18,2052,0,Low
200823,10799,3,1,83634.16,2020-10-16,2115,0,Low
201247,10004,1,1,30879.61,2018-04-23,3022,0,High
200416,10836,5,1,66066.94,2021-07-17,1841,0,Low
200704,10584,2,2,92101.16,2019-12-16,2420,0,Medium
201345,10914,2,1,31695.84,2018-08-09,2914,0,High
200149,10239,1,1,75306.88,2018-05-19,2996,0,High
200070,10632,5,1,57405.83,2020-01-20,2384,0,Medium
201367,10390,5,1,12234.14,2018-01-11,3124,0,High
200439,10246,1,1,96069.39,2020-10-28,2103,0,Low
200199,10518,4,1,5913.76,2018-05-10,3005,0,High
201411,10567,3,1,-347.33,2021-09-13,1783,0,Low
200769,10126,1,1,53021.49,2020-09-24,2137,0,Low
200797,11057,2,1,8548.38,2021-07-01,1857,0,Low
201585,11046,2,1,73902.87,2018-07-11,2943,0,High
200397,10576,5,2,14485.85,2020-11-16,2084,0,Low
200695,10899,3,2,64229.52,2018-10-21,2841,0,High
200678,10124,4,3,93932.94,2019-08-13,2545,0,Medium
201196,10448,4,1,2437.45,2020-10-11,2120,0,Low
200574,10676,1,1,22906.46,2020-06-11,2242,0,Medium
201523,10267,5,1,15903.41,2019-09-01,2526,0,Medium
200793,10002,2,1,48559.42,2021-07-11,1847,0,Low
200189,10209,2,1,13011.25,2021-01-17,2022,0,Low
201435,10824,2,1,60387.81,2019-11-15,2451,0,Medium
200421,10845,5,2,51905.22,2020-09-09,2152,0,Medium
201601,10204,4,1,45648.43,2021-02-07,2001,0,Low
200754,10495,3,1,86461.96,2019-05-29,2621,0,High
200742,11097,2,1,91394.85,2019-09-18,2509,0,Medium
201067,10352,1,1,26935.78,2020-06-19,2234,0,Medium
200952,10206,5,1,43240.08,2021-07-15,1843,0,Low
201509,11090,3,1,51630.82,2019-08-08,2550,0,Medium
200234,10712,5,1,73323.55,2018-01-26,3109,0,High
200038,10343,5,2,24991.15,2020-10-19,2112,0,Low
201050,10515,1,1,67242.57,2019-02-09,2730,0,High
200487,10458,2,1,36819.47,2019-02-25,2714,0,High
201556,11081,1,1,78252.18,2019-12-10,2426,0,Medium
200278,10912,1,1,2995.65,2021-02-15,1993,0,Low
201107,10806,4,1,56605.54,2020-09-14,2147,0,Medium
200006,10423,4,3,50442.7,2020-06-24,2229,0,Medium
200636,10362,5,3,72472.61,2019-10-27,2470,0,Medium
200080,10803,2,1,22216.12,2018-05-28,2987,0,High
200457,10693,1,1,23239.37,2020-02-21,2353,0,Medium
200159,10435,2,1,30389.48,2021-07-27,1831,0,Low
201165,10344,5,1,20681.69,2018-05-31,2984,0,High
201612,10409,2,2,25041.66,2019-07-08,2581,0,Medium
200981,11044,4,1,74129.89,2021-05-09,1910,0,Low
201392,10372,4,1,11278.56,2020-06-20,2233,0,Medium
200735,10963,5,3,40808.96,2021-08-10,1817,0,Low
200354,10046,2,1,33507.25,2018-10-28,2834,0,High
201642,10462,1,2,66275.11,2018-11-09,2822,0,High
200939,10293,4,1,88188.35,2021-04-24,1925,0,Low
201445,10647,5,1,61130.67,2018-04-28,3017,0,High
201555,11091,2,1,24051.97,2020-01-10,2395,0,Medium
201634,10615,4,1,60894.86,2019-09-12,2515,0,Medium
201013,10909,1,1,43465.28,2020-02-05,2369,0,Medium
201268,10802,3,1,34872.04,2020-01-21,2384,0,Medium
200106,10010,3,1,15084.59,2020-05-16,2268,0,Medium
200361,10906,4,2,31222.38,2021-01-06,2033,0,Low
200593,10463,3,1,45585.4,2018-09-05,2887,0,High
201614,10006,3,1,54375.82,2019-05-02,2648,0,High
200365,11065,1,2,61520.01,2020-01-04,2401,0,Medium
201351,10688,5,1,43699.63,2020-08-15,2177,0,Medium
200766,10389,1,1,8003.54,2018-03-22,3054,0,High
200494,10082,5,1,25320.55,2021-07-07,1851,0,Low
201306,10182,2,1,92994.34,2020-06-24,2229,0,Medium
200803,10856,4,1,57674.79,2021-05-29,1890,0,Low
201401,10479,5,1,41195.04,2021-04-25,1924,0,Low
201565,11083,3,1,2687.98,2019-09-01,2526,0,Medium
201049,10106,1,1,90575.94,2019-09-08,2519,0,Medium
201549,10892,5,1,52007.57,2019-04-25,2655,0,High
201372,10001,3,1,20267.12,2018-02-21,3083,0,High
200100,10907,2,1,55024.14,2020-08-21,2171,0,Medium
200276,10662,5,1,39276.31,2020-10-17,2114,0,Low
200624,10468,4,1,77555.16,2019-11-08,2458,0,Medium
200557,10594,5,2,47387.99,2018-06-24,2960,0,High
200277,10988,4,1,27720.07,2021-12-19,1686,0,Low
200399,10749,4,1,42927.31,2021-05-21,1898,0,Low
201350,10407,4,1,36968.05,2021-09-26,1770,0,Low
200888,10345,3,1,26378.68,2021-06-16,1872,0,Low
201618,11048,3,1,66165.44,2021-03-09,1971,0,Low
200576,10351,5,1,85212.03,2018-11-12,2819,0,High
201466,10035,1,1,42938.67,2018-09-19,2873,0,High
200993,10600,5,2,96074.22,2018-05-04,3011,0,High
201183,10895,4,2,44678.19,2021-07-22,1836,0,Low
200515,10422,4,1,37362.06,2018-05-24,2991,0,High
200138,10735,1,3,35239.9,2019-03-04,2707,0,High
200347,10109,3,1,91662.19,2021-12-11,1694,0,Low
200740,11008,5,1,9264.87,2021-10-18,1748,0,Low
201021,10624,3,1,74503.83,2019-06-04,2615,0,Medium
201305,10295,1,1,88106.67,2019-08-09,2549,0,Medium
201035,10674,1,1,89070.21,2019-01-17,2753,0,High
200351,10767,2,1,41928.35,2020-01-20,2384,0,Medium
201415,10643,2,1,52603.96,2020-01-20,2384,0,Medium
200782,10672,1,1,82355.35,2021-02-16,1992,0,Low
200411,10431,1,1,80094.42,2018-12-02,2799,0,High
200617,10297,5,1,76928.69,2019-10-24,2473,0,Medium
201244,10457,3,2,36804.14,2020-08-12,2180,0,Medium
200944,10577,5,1,73352.5,2020-10-04,2127,0,Low
201292,10213,3,1,1187.8,2021-02-10,1998,0,Low
200314,10671,2,1,54976.37,2019-08-23,2535,0,Medium
200668,11092,1,1,74338.61,2018-04-30,3015,0,High
200596,10474,2,1,22748.87,2019-04-18,2662,0,High
200916,10037,1,1,22876,2020-10-11,2120,0,Low
201569,10574,1,2,91960.89,2021-06-09,1879,0,Low
200851,10922,4,1,4671.65,2020-06-16,2237,0,Medium
200958,10745,5,1,89610.23,2019-02-22,2717,0,High
200773,10427,2,1,26968.95,2018-06-12,2972,0,High
200643,10876,4,1,74408.88,2018-08-08,2915,0,High
200303,10091,2,1,82597.28,2018-04-14,3031,0,High
200127,11019,3,1,41229.1,2021-04-05,1944,0,Low
200693,10009,4,1,95712.27,2019-12-17,2419,0,Medium
200951,10923,5,1,1209.92,2021-11-13,1722,0,Low
200255,10122,5,2,63487.77,2021-03-09,1971,0,Low
200621,10749,2,2,71951.64,2019-06-12,2607,0,Medium
201469,10395,4,2,96660.29,2020-01-07,2398,0,Medium
201404,10061,4,1,42751.39,2019-09-13,2514,0,Medium
201334,10891,2,1,43174.24,2021-06-24,1864,0,Low
200360,10135,3,1,80837.01,2020-05-27,2257,0,Medium
200998,10889,3,2,93898.27,2021-06-13,1875,0,Low
200583,10378,3,1,40081.4,2020-01-14,2391,0,Medium
200398,10253,2,1,3670.72,2019-04-14,2666,0,High
201577,10128,1,1,90497.44,2019-02-16,2723,0,High
201002,10458,3,1,92795.9,2020-09-20,2141,0,Low
200706,11067,2,1,26539.13,2019-09-28,2499,0,Medium
201281,10427,1,1,40995.04,2019-12-30,2406,0,Medium
200336,10492,2,1,1435.15,2021-10-12,1754,0,Low
201599,11074,3,1,65648.77,2020-12-04,2066,0,Low
200549,11022,3,1,89949.16,2020-01-20,2384,0,Medium
200237,10510,4,1,14814.87,2021-04-02,1947,0,Low
200948,11097,2,1,37254.93,2018-07-30,2924,0,High
201077,10930,1,3,63189.32,2019-01-06,2764,0,High
201442,10821,2,1,92205.12,2019-12-10,2426,0,Medium
201330,10392,1,2,52862.18,2018-11-07,2824,0,High
200112,10075,5,1,37144.25,2020-02-06,2368,0,Medium
200763,10909,5,1,37183.6,2018-02-04,3100,0,High
200860,10374,2,1,29529.8,2021-07-23,1835,0,Low
200263,10940,2,2,71004.92,2020-01-25,2380,0,Medium
201474,10276,4,1,63931.27,2020-03-11,2334,0,Medium
200524,11030,3,1,97575.87,2020-06-28,2225,0,Medium
200509,10151,1,1,98543.78,2021-02-04,2004,0,Low
200804,10088,4,1,29015.04,2018-04-18,3027,0,High
201082,10384,1,1,35976.6,2020-04-18,2296,0,Medium
201374,10258,1,1,25877.62,2020-01-20,2384,0,Medium
200789,10579,5,1,39031.96,2020-06-20,2233,0,Medium
200470,10227,3,1,38107.46,2018-02-01,3103,0,High
201148,10384,2,1,86058.88,2021-05-19,1900,0,Low
200774,10593,2,1,56210.5,2021-07-15,1843,0,Low
200484,10730,3,1,949.19,2020-03-08,2337,0,Medium
200264,10578,2,1,83217,2018-09-03,2889,0,High
201382,10788,4,1,13510.69,2018-02-09,3095,0,High
200039,10786,2,2,49676.09,2021-07-22,1836,0,Low
200251,10332,3,2,83517.97,2021-07-03,1855,0,Low
200474,10747,2,1,68217.62,2018-12-16,2785,0,High
200307,10550,4,1,62791.88,2021-03-25,1955,0,Low
200719,10937,4,1,72074.16,2019-08-10,2548,0,Medium
201117,10925,4,2,72818.53,2019-01-12,2758,0,High
201058,10709,4,1,98804.31,2019-12-22,2414,0,Medium
201170,11080,3,1,11265.85,2020-01-03,2402,0,Medium
200691,10535,5,1,63310.26,2019-05-05,2645,0,High
200529,10616,3,1,7072.39,2019-07-08,2581,0,Medium
201558,10139,5,2,67364.79,2019-07-13,2576,0,Medium
200741,10280,4,2,62802.7,2019-07-06,2583,0,Medium
201321,10576,1,1,99616.91,2020-03-07,2338,0,Medium
201127,10226,1,1,67441.98,2021-06-01,1887,0,Low
200064,10942,2,1,63793.48,2021-08-25,1802,0,Low
201279,10122,3,3,75180.34,2021-02-28,1980,0,Low
201508,10404,2,1,31174.55,2018-11-11,2820,0,High
200395,10235,5,1,79274.38,2021-11-10,1725,0,Low
200734,10557,1,1,71914.07,2018-08-15,2908,0,High
200485,10567,4,1,47990.96,2018-08-09,2914,0,High
201145,10315,3,1,58360.34,2020-04-13,2301,0,Medium
200920,10058,2,1,57474.38,2018-04-06,3039,0,High
201327,10524,4,1,66029.82,2019-05-14,2636,0,High
201559,10196,2,3,46035.26,2020-05-12,2272,0,Medium
201641,10819,5,1,3441.92,2019-04-12,2668,0,High
200454,10262,2,1,34042.27,2019-03-26,2685,0,High
201603,10275,2,1,91348.58,2021-05-19,1900,0,Low
201576,11022,1,2,14051.64,2019-01-25,2745,0,High
200141,10227,1,3,86449.34,2021-05-17,1902,0,Low
201533,10321,3,1,74579.15,2018-09-10,2882,0,High
200724,10125,4,1,70644.62,2021-03-05,1975,0,Low
200872,10475,1,1,99622.22,2021-12-28,1677,0,Low
200918,10618,5,1,26242.64,2020-09-03,2158,0,Medium
200120,10708,3,1,30224.18,2020-03-15,2330,0,Medium
201506,10125,2,1,73456.64,2020-05-26,2258,0,Medium
200927,10502,2,1,47108.34,2019-07-23,2566,0,Medium
200122,10308,1,1,62397.19,2021-06-20,1868,0,Low
201631,10273,3,1,55836.35,2020-09-23,2138,0,Low
200287,10935,1,1,23213.22,2021-05-22,1897,0,Low
200461,10478,5,1,71132.59,2018-04-28,3017,0,High
200550,10374,2,2,95845.75,2018-03-29,3047,0,High
200126,10500,4,1,83625.42,2022-01-12,1662,0,Low
200380,10564,2,1,31978.53,2021-06-08,1880,0,Low
200900,10575,2,1,40320.06,2020-03-19,2326,0,Medium
201491,10369,4,1,17911.11,2021-05-04,1915,0,Low
200053,11041,4,1,63843.37,2019-01-26,2744,0,High
201046,10545,4,1,98109.46,2018-04-15,3030,0,High
201414,10865,5,1,50771.1,2021-11-19,1716,0,Low
200976,10404,3,1,35267.84,2021-05-26,1893,0,Low
200652,10183,5,1,96036.35,2019-02-27,2712,0,High
200887,10993,4,1,28368.98,2019-09-12,2515,0,Medium
200433,10552,3,2,31513.54,2019-05-08,2642,0,High
201182,10575,2,2,82184.28,2021-12-09,1696,0,Low
200285,10374,4,1,41610.67,2021-06-02,1886,0,Low
201339,10443,5,1,21279.38,2020-11-15,2085,0,Low
201550,10427,2,1,13621.53,2020-10-01,2130,0,Low
201648,10209,3,1,76038.59,2021-10-27,1739,0,Low
200726,10774,3,1,77266.48,2018-03-11,3065,0,High
200154,10624,2,1,49097.06,2022-02-02,1641,0,Low
200999,10045,1,1,45056.58,2018-05-09,3006,0,High
200850,10774,2,1,72232.35,2020-06-11,2242,0,Medium
201264,10320,1,1,55623.9,2019-08-09,2549,0,Medium
201433,10797,1,1,4802.83,2018-12-14,2787,0,High
200708,10359,2,1,79123.63,2019-03-16,2695,0,High
200271,10060,3,2,63431.51,2019-10-01,2496,0,Medium
201427,10013,5,2,74732.41,2020-03-04,2341,0,Medium
201617,10297,3,1,19685.71,2019-01-02,2768,0,High
201047,11012,5,2,14199.85,2021-09-13,1783,0,Low
200137,10741,3,1,874.53,2019-07-23,2566,0,Medium
200353,10502,2,1,37250.76,2021-05-20,1899,0,Low
200181,10810,2,1,42789.45,2019-10-05,2492,0,Medium
201075,11065,1,1,89741.99,2018-09-30,2862,0,High
200207,10179,4,3,14415.32,2018-01-26,3109,0,High
201360,10851,4,2,64325.21,2018-10-18,2844,0,High
200310,10006,2,1,59519.68,2019-05-16,2634,0,High
200244,10727,2,2,65303.85,2021-08-08,1819,0,Low
200431,10522,2,1,78927.47,2021-07-09,1849,0,Low
201540,10177,2,1,2437.13,2019-12-15,2421,0,Medium
201155,10687,4,1,69432.77,2019-01-31,2739,0,High
200727,11082,5,1,73899.9,2022-02-06,1637,0,Low
201452,11014,3,2,70794.44,2018-08-22,2901,0,High
200871,10706,1,1,20288.89,2021-03-22,1958,0,Low
200327,10375,3,1,47036.87,2025-11-10,263,0,Low
200938,10128,3,1,64981.7,2021-11-03,1732,0,Low
201211,10454,2,1,31062.72,2020-12-19,2051,0,Low
200214,10062,4,2,30544.95,2021-01-17,2022,0,Low
200369,10392,3,1,71637.18,2020-07-21,2202,0,Medium
201010,10972,3,1,98434.87,2018-05-01,3014,0,High
201297,11073,2,2,58412.17,2020-03-09,2336,0,Medium
201110,10830,4,1,12736.16,2019-09-22,2505,0,Medium
200932,10468,4,1,22363.22,2021-04-30,1919,0,Low
200322,11018,1,1,-50.91,2021-05-02,1917,0,Low
200035,11016,5,2,16124.6,2021-03-06,1974,0,Low
201337,10637,2,1,11859.85,2018-11-26,2805,0,High
201093,10584,4,1,81805.95,2018-11-07,2824,0,High
200997,10246,5,2,41490.64,2021-05-02,1917,0,Low
200331,11036,2,2,5931.23,2019-05-30,2620,0,High
200348,10105,5,1,79534.55,2018-12-31,2770,0,High
200875,10667,5,1,42390.84,2018-01-06,3129,0,High
200167,10432,1,1,42644.7,2019-11-24,2442,0,Medium
200629,10541,1,2,8878.16,2018-01-18,3117,0,High
200827,10920,1,1,16073.07,2018-11-19,2812,0,High
200941,10278,1,1,72186.47,2021-10-01,1765,0,Low
200721,10937,3,1,96729.46,2019-01-18,2752,0,High
201087,10049,4,1,80075.41,2018-05-03,3012,0,High
200405,10020,5,1,28247.36,2019-11-01,2465,0,Medium
201587,10114,4,1,83961.59,2019-02-17,2722,0,High
200472,10170,1,1,52547.1,2018-01-30,3105,0,High
200300,10551,4,1,63465.82,2018-08-26,2897,0,High
201412,10326,1,1,20637.22,2020-03-18,2327,0,Medium
201493,10494,1,1,83113.29,2019-06-15,2604,0,Medium
201552,10753,2,3,16958,2018-09-17,2875,0,High
201204,10228,5,1,43755.6,2021-11-29,1706,0,Low
201405,11019,5,1,59719.46,2020-10-24,2107,0,Low
200404,10229,3,1,32623.75,2021-12-24,1681,0,Low
200507,11084,4,1,48531.71,2018-04-21,3024,0,High
200760,10380,3,1,90268.4,2018-04-11,3034,0,High
201424,10242,3,2,3564.27,2018-09-30,2862,0,High
201470,10280,4,1,24310.93,2021-01-18,2021,0,Low
200972,10659,3,1,42087.43,2020-07-30,2193,0,Medium
200194,10801,3,2,62664.46,2020-10-15,2116,0,Low
200569,10780,3,1,74403.05,2018-07-19,2935,0,High
200393,10367,1,1,58967.16,2020-09-10,2151,0,Medium
200479,10218,1,1,77984.96,2021-07-05,1853,0,Low
200898,10343,3,1,68949.57,2021-11-25,1710,0,Low
201524,10402,4,1,38437.42,2018-02-01,3103,0,High
200965,10687,2,2,82735.24,2019-04-07,2673,0,High
201228,10401,3,1,89722.89,2020-12-02,2068,0,Low
200294,10926,2,1,15144.15,2020-09-16,2145,0,Medium
200650,10307,2,1,31474.97,2019-05-22,2628,0,High
201584,10977,5,1,75342.53,2020-12-30,2040,0,Low
200147,10931,3,1,741.98,2018-10-16,2846,0,High
200928,10158,3,1,24066.31,2018-03-23,3053,0,High
200480,10045,4,1,25494.74,2018-10-04,2858,0,High
200729,10470,3,2,9390.16,2018-10-21,2841,0,High
200153,10417,1,1,28280.03,2019-06-17,2602,0,Medium
201099,10461,3,1,82883.84,2021-07-26,1832,0,Low
201156,10256,2,1,48963.44,2019-11-07,2459,0,Medium
201567,10397,3,1,77319.24,2020-11-24,2076,0,Low
201055,10745,2,1,89370.68,2021-08-30,1797,0,Low
201254,10902,1,1,71621.86,2018-09-28,2864,0,High
201487,10859,2,1,25199.75,2019-08-25,2533,0,Medium
200739,10338,4,1,-486.68,2021-02-01,2007,0,Low
201570,10120,1,1,48479.25,2019-10-10,2487,0,Medium
200434,10388,5,2,88098.11,2019-07-15,2574,0,Medium
200450,11097,2,1,57492.35,2019-06-23,2596,0,Medium
200329,10915,2,2,32978.16,2021-07-20,1838,0,Low
200109,10357,1,2,12135.64,2019-04-12,2668,0,High
201490,10834,4,1,11876.49,2022-01-28,1646,0,Low
200771,10551,2,1,76.87,2020-05-22,2262,0,Medium
200665,10140,5,1,81912.58,2020-01-04,2401,0,Medium
201336,10161,1,1,84317.45,2021-01-10,2029,0,Low
201596,10880,4,1,8732,2020-07-20,2203,0,Medium
200216,10797,4,2,94878.4,2020-01-20,2384,0,Medium
200151,10400,3,1,59391.36,2019-01-27,2743,0,High
200980,10164,2,1,25253.22,2019-07-23,2566,0,Medium
200935,10441,2,2,12037.85,2021-04-28,1921,0,Low
200838,10734,4,1,35213.38,2021-07-31,1827,0,Low
200173,10721,1,1,99185.63,2019-02-27,2712,0,High
200842,10183,5,1,20944.25,2020-05-08,2276,0,Medium
200272,10323,4,1,75527.77,2019-08-30,2528,0,Medium
200288,10549,4,1,86753.63,2020-03-31,2314,0,Medium
201544,10913,3,1,79658.32,2021-10-22,1744,0,Low
200594,10599,4,1,12297.81,2019-07-26,2563,0,Medium
201357,10401,4,1,1984.92,2021-08-29,1798,0,Low
200274,10652,1,1,29627.66,2021-04-04,1945,0,Low
200383,10287,3,1,25970.3,2021-05-14,1905,0,Low
200567,10578,5,1,239.3,2020-01-28,2377,0,Medium
200066,10397,5,1,53407.3,2019-01-19,2751,0,High
201037,10758,4,1,91570.87,2021-07-15,1843,0,Low
201153,10263,1,1,41412.74,2019-06-06,2613,0,Medium
201481,10512,3,1,46114.57,2021-03-01,1979,0,Low
200325,10087,5,2,31944.6,2019-07-27,2562,0,Medium
200430,10135,4,1,75924.19,2019-12-22,2414,0,Medium
200893,10166,4,1,99828.98,2021-11-12,1723,0,Low
201150,10199,3,1,45449.22,2021-07-03,1855,0,Low
201276,10155,4,1,19986.02,2022-01-04,1670,0,Low
200111,10399,2,1,74191.58,2020-09-06,2155,0,Medium
200121,10748,1,1,2700.75,2019-01-21,2749,0,High
200340,10301,3,1,87416.66,2021-08-13,1814,0,Low
201646,10903,2,1,22957.29,2020-03-16,2329,0,Medium
200250,10511,5,1,55353.22,2019-06-05,2614,0,Medium
200784,10459,1,1,48911.97,2019-07-04,2585,0,Medium
200359,10857,3,1,81925.71,2019-07-16,2573,0,Medium
200738,10161,1,1,74018.11,2020-02-17,2357,0,Medium
200005,11007,2,1,26556.74,2018-04-09,3036,0,High
200084,10146,4,1,21109.91,2021-12-30,1675,0,Low
201484,10544,3,1,47917.51,2018-05-08,3007,0,High
200863,10141,1,2,8913.48,2025-12-02,241,0,Low
200136,10565,5,1,14112.32,2018-04-20,3025,0,High
200324,10171,4,1,655.62,2020-11-08,2092,0,Low
201546,10299,5,2,71325.69,2021-06-17,1871,0,Low
200702,10160,2,1,54692.35,2021-05-13,1906,0,Low
200579,10236,2,1,27043.17,2021-02-28,1980,0,Low
201425,10764,5,1,71131.37,2018-11-09,2822,0,High
201114,10233,1,1,90752.35,2018-02-16,3088,0,High
200368,10112,3,1,46986.28,2019-01-26,2744,0,High
200853,10934,4,2,29370.79,2020-07-21,2202,0,Medium
200468,10268,5,1,45356.7,2019-03-04,2707,0,High
201179,10324,2,1,28302.48,2020-05-15,2269,0,Medium
200185,10159,3,1,19320.57,2021-05-05,1914,0,Low
201338,10440,4,2,98678.22,2019-02-12,2727,0,High
200211,10112,3,1,42805.78,2021-05-08,1911,0,Low
201647,10125,3,1,51553.2,2021-08-28,1799,0,Low
200992,10934,3,2,49315.41,2021-04-14,1935,0,Low
200220,10351,3,1,15927.86,2019-07-17,2572,0,Medium
200188,10174,3,1,9223.05,2021-11-15,1720,0,Low
201133,10741,1,1,11596.94,2021-02-22,1986,0,Low
201018,10887,5,1,77171.54,2026-01-25,187,0,Low
201591,10609,4,1,70797.31,2019-10-31,2466,0,Medium
200145,10649,5,2,75086.97,2018-04-19,3026,0,High
201086,10150,4,2,77975.55,2020-06-06,2247,0,Medium
200283,10447,1,2,6122.35,2020-04-29,2285,0,Medium
201064,10314,4,1,86190.87,2019-09-13,2514,0,Medium
201151,10778,4,1,77732.77,2021-06-29,1859,0,Low
201478,10072,4,1,82151.38,2018-11-06,2825,0,High
201464,10602,1,1,53443.06,2018-04-19,3026,0,High
201537,10696,4,1,2850.69,2019-11-19,2447,0,Medium
201439,10511,1,2,11351.57,2022-01-17,1657,0,Low
200372,10060,1,1,38668.82,2021-05-23,1896,0,Low
200116,10349,1,1,44210,2021-03-17,1963,0,Low
201109,10048,1,1,68460.3,2019-08-02,2556,0,Medium
201520,10584,1,1,73280.69,2019-12-04,2432,0,Medium
200099,10724,2,1,40425.89,2018-09-29,2863,0,High
200104,10249,3,2,89193.39,2021-12-22,1683,0,Low
200107,10199,4,1,76759.94,2020-12-15,2055,0,Low
201076,10587,2,1,56535.81,2018-07-31,2923,0,High
200092,10290,4,1,7008.67,2020-01-22,2383,0,Medium
200500,10501,2,2,76173.36,2018-02-09,3095,0,High
200638,10004,5,1,56149.47,2019-10-29,2468,0,Medium
201161,10963,5,1,60011.22,2018-05-12,3003,0,High
200821,10996,4,1,87794.4,2018-08-30,2893,0,High
200543,10880,1,1,64538.44,2019-11-15,2451,0,Medium
200564,10395,4,1,96889.63,2021-06-24,1864,0,Low
200904,10832,4,1,84891.94,2021-12-12,1693,0,Low
201208,10952,4,1,84009.96,2020-06-29,2224,0,Medium
200081,10033,4,1,92935.51,2020-09-23,2138,0,Low
200108,10996,3,1,73119.23,2018-09-24,2868,0,High
200591,10627,5,1,10365.83,2020-02-13,2361,0,Medium
200170,10363,1,1,24429.8,2019-09-05,2522,0,Medium
200781,10986,2,1,68233.55,2021-01-30,2009,0,Low
201181,10524,2,1,91124.87,2020-01-20,2385,0,Medium
200817,10773,1,1,82549.74,2019-03-19,2692,0,High
200963,10286,2,3,77938.53,2020-09-26,2135,0,Low
201532,10895,4,2,36763.25,2020-02-19,2355,0,Medium
200212,10722,2,2,76939.58,2019-08-02,2556,0,Medium
201245,11082,1,1,56432.88,2020-01-17,2388,0,Medium
201632,10902,5,1,-214.25,2019-05-16,2634,0,High
201119,10418,5,1,10185.11,2019-10-11,2486,0,Medium
201494,11043,5,1,2129.9,2019-12-10,2426,0,Medium
200587,10933,1,1,44064.64,2018-05-18,2997,0,High
200261,11049,5,1,80898.88,2021-07-31,1827,0,Low
201341,10495,2,1,58015.57,2020-02-09,2365,0,Medium
200117,10133,4,1,6087.13,2019-03-12,2699,0,High
201059,10037,4,1,32183.95,2020-10-12,2119,0,Low
201324,10865,1,1,43274.37,2020-02-05,2369,0,Medium
201564,10048,4,1,29141.77,2018-10-18,2844,0,High
201397,10754,1,1,60087.11,2021-02-20,1988,0,Low
200140,10728,5,1,18683.53,2020-03-03,2342,0,Medium
200097,10710,2,1,69690.25,2020-09-15,2146,0,Medium
200685,10160,3,2,24759.08,2020-05-05,2279,0,Medium
200991,10543,4,1,13775.42,2018-07-28,2926,0,High
201227,10113,5,1,94520.39,2021-04-27,1922,0,Low
201068,10083,4,1,54328.54,2018-07-18,2936,0,High
201081,10452,2,1,22576.99,2020-09-19,2142,0,Low
201529,10248,2,1,84963.09,2021-01-13,2026,0,Low
200193,10948,1,1,381.8,2019-12-06,2430,0,Medium
200466,10784,5,1,61937.85,2020-01-10,2395,0,Medium
200558,10665,2,1,57672.29,2018-05-14,3001,0,High
201187,10404,5,1,10845.05,2018-10-03,2859,0,High
201089,10023,4,1,27578.97,2019-09-20,2507,0,Medium
200600,10436,5,1,87054.96,2021-11-07,1728,0,Low
201199,10571,3,1,54255.38,2020-01-28,2377,0,Medium
201132,10446,3,1,55861.81,2020-10-19,2112,0,Low
200312,10565,1,1,88741.16,2018-06-08,2976,0,High
201545,10726,1,3,67503.47,2019-02-10,2729,0,High
200385,10324,4,1,1627.92,2019-11-25,2441,0,Medium
200990,10869,4,1,39813.36,2018-08-06,2917,0,High
201236,10840,1,1,10577.83,2019-05-08,2642,0,High
200614,10908,1,1,35656.95,2018-08-01,2922,0,High
200316,10405,4,2,50895.93,2021-08-12,1815,0,Low
201619,10279,3,1,49341.87,2021-09-21,1775,0,Low
200722,10075,2,1,46881.74,2020-07-28,2195,0,Medium
200707,10058,5,1,27278.42,2020-08-30,2162,0,Medium
200785,10028,3,1,78312,2021-02-24,1984,0,Low
200895,10550,5,1,-262.08,2020-05-24,2260,0,Medium
200306,10283,4,1,8682.61,2019-05-17,2633,0,High
201154,10257,4,1,16099.85,2018-01-07,3128,0,High
200229,10226,4,1,75050.99,2019-08-02,2556,0,Medium
200073,10605,4,1,21063.77,2018-08-11,2912,0,High
200436,10760,1,1,22885.75,2021-01-26,2013,0,Low
200201,10101,2,2,26152.31,2020-08-23,2169,0,Medium
200655,10620,3,1,90235.73,2020-07-02,2221,0,Medium
201422,10692,2,1,96099.61,2020-01-20,2384,0,Medium
201477,10356,5,1,17443.02,2019-08-18,2540,0,Medium
200129,11049,2,1,91364.41,2020-12-21,2049,0,Low
201522,10842,4,1,67419.74,2021-05-19,1900,0,Low
200531,11029,2,1,25099.37,2018-05-06,3009,0,High
201251,10024,1,1,39825.26,2018-11-20,2811,0,High
201240,10662,2,1,33721.99,2021-05-25,1894,0,Low
201198,10141,2,1,13607.68,2018-06-18,2966,0,High
200012,10253,1,2,-384.45,2020-12-28,2042,0,Low
201358,11031,3,3,79082.48,2020-06-30,2223,0,Medium
200355,11058,5,1,1917.42,2021-11-23,1712,0,Low
201078,10807,5,1,66459.79,2020-02-27,2347,0,Medium
200545,10815,4,1,52471.44,2019-07-15,2574,0,Medium
201365,11038,5,1,63045.46,2020-05-04,2280,0,Medium
201363,10441,1,1,6720.11,2021-06-16,1872,0,Low
200335,10174,2,1,97356.53,2021-04-01,1948,0,Low
201519,10645,5,1,77217.14,2021-11-05,1730,0,Low
201516,10583,2,1,76084.32,2020-07-30,2193,0,Medium
200692,10557,3,2,17639.79,2022-01-20,1654,0,Low
200749,10989,5,1,9040.3,2020-05-03,2281,0,Medium
200866,10707,5,2,72186.92,2019-03-17,2694,0,High
200270,10899,5,1,73044.91,2018-12-15,2786,0,High
200808,10795,3,1,69814.18,2020-05-03,2281,0,Medium
201289,10046,4,2,41353.24,2020-02-20,2354,0,Medium
200786,10766,2,1,52951.69,2019-05-13,2637,0,High
201171,10904,4,3,51642.18,2020-03-06,2339,0,Medium
200344,10574,2,1,23240.75,2020-12-15,2055,0,Low
201042,10425,5,1,39896.93,2019-12-27,2409,0,Medium
200890,10561,3,1,96310.11,2020-06-18,2235,0,Medium
200644,10198,1,1,11834.16,2019-06-09,2610,0,Medium
200642,10420,1,1,62988.18,2018-07-28,2926,0,High
200922,10436,1,2,11015.81,2018-02-22,3082,0,High
200413,10423,3,1,4108.2,2021-04-21,1928,0,Low
201554,10458,2,1,50822.5,2020-01-03,2402,0,Medium
200973,10248,1,1,74420.6,2020-12-11,2059,0,Low
200235,10808,4,1,91724.55,2021-06-11,1877,0,Low
201092,10919,4,1,22716.19,2019-06-02,2617,0,High
201052,10613,4,1,87749.26,2019-08-23,2535,0,Medium
201143,10051,4,1,52774.42,2020-01-20,2384,0,Medium
200130,10938,5,1,75867.46,2022-01-14,1660,0,Low
201609,10179,2,1,9447.02,2021-11-16,1719,0,Low
201332,10488,5,2,1724.82,2019-05-23,2627,0,High
201457,10324,1,1,53252.4,2021-05-01,1918,0,Low
200492,10142,4,1,68129.64,2021-10-09,1757,0,Low
201566,10148,2,1,65786.08,2021-02-07,2001,0,Low
201243,10520,4,3,66524.93,2019-03-09,2702,0,High
200759,10838,5,1,21613.16,2018-03-22,3054,0,High
200533,11024,4,1,79896.95,2020-03-08,2337,0,Medium
201203,10881,5,1,91295.86,2021-03-01,1979,0,Low
201184,10417,4,1,12558.2,2020-04-30,2284,0,Medium
200770,10783,4,2,62611.03,2020-01-10,2395,0,Medium
201032,10126,4,1,80170.1,2019-11-14,2452,0,Medium
200319,10773,3,1,47099.53,2021-09-14,1782,0,Low
201489,10461,1,1,69552.22,2018-12-13,2788,0,High
200236,11086,4,1,91326.67,2020-08-17,2175,0,Medium
200390,10158,5,2,41615.13,2021-10-21,1745,0,Low
200273,11030,1,1,77511.43,2018-03-20,3056,0,High
200168,10379,3,1,37707.68,2020-12-08,2062,0,Low
200453,10198,5,1,13514.02,2019-09-28,2499,0,Medium
201215,10243,2,2,92797.49,2018-10-24,2838,0,High
201271,10649,4,2,27517.85,2020-06-08,2245,0,Medium
200339,10226,4,1,19908.74,2018-06-27,2957,0,High
200983,10604,3,1,42427.12,2018-01-21,3114,0,High
201091,10910,5,2,97498.08,2020-04-02,2312,0,Medium
200046,10187,3,2,51825.34,2019-04-26,2654,0,High
201446,10708,2,2,43861.81,2020-12-01,2069,0,Low
200067,11061,4,2,79460.29,2022-01-31,1643,0,Low
201104,10640,5,1,85648.39,2026-03-30,123,0,Low
201023,10159,4,1,75123.26,2018-03-03,3073,0,High
200463,10231,4,1,98910.48,2022-01-20,1654,0,Low
201011,10334,3,1,19742.89,2019-05-31,2619,0,High
200756,10010,2,1,79082.66,2020-02-19,2355,0,Medium
200412,10740,4,2,18323.69,2018-01-25,3110,0,High
200197,10857,2,1,10604.56,2019-10-09,2488,0,Medium
200843,11036,3,2,14281.82,2020-10-27,2104,0,Low
200504,10532,1,2,23080.32,2020-12-17,2053,0,Low
200677,11027,2,1,14722.29,2018-04-09,3036,0,High
200195,10998,1,1,22408.75,2020-08-23,2169,0,Medium
200017,10565,2,2,61129.64,2020-02-11,2363,0,Medium
201194,10555,1,3,3563.19,2019-11-20,2446,0,Medium
200885,10974,3,1,29613.57,2020-10-25,2106,0,Low
201381,10229,4,2,94077.34,2020-06-10,2243,0,Medium
200839,10439,5,1,24567.96,2019-01-05,2765,0,High
201468,10610,4,3,88823.48,2018-12-12,2789,0,High
201551,10693,5,1,86348.65,2020-04-15,2299,0,Medium
201120,10947,2,1,90828.63,2018-01-07,3128,0,High
201649,10437,1,1,15975.67,2018-08-11,2912,0,High
200986,10011,2,1,65697.87,2018-06-23,2961,0,High
200205,10776,2,1,52482.12,2021-02-16,1992,0,Low
201192,10601,5,1,38058.16,2018-11-21,2810,0,High
200675,10757,3,1,14883.88,2020-09-28,2133,0,Low
201644,10490,3,1,79518.63,2020-11-25,2075,0,Low
200490,10860,5,3,33724.84,2019-07-08,2581,0,Medium
201528,10139,5,1,33036.06,2020-12-23,2047,0,Low
200036,10603,4,1,27899.82,2019-11-30,2436,0,Medium
200718,10860,3,1,78217.29,2019-05-05,2645,0,High
201048,10216,2,1,90512.44,2020-07-25,2198,0,Medium
200337,10111,5,3,89663.23,2020-02-23,2351,0,Medium
200059,11052,1,2,9615.18,2021-05-21,1898,0,Low
201232,10994,5,2,59689.92,2021-10-14,1752,0,Low
200732,10726,3,1,63187.47,2021-02-04,2004,0,Low
200052,10186,3,1,37808.22,2021-07-10,1848,0,Low
201008,10018,1,1,1818.33,2018-02-18,3086,0,High
200815,10633,1,1,92207.53,2018-03-09,3067,0,High
201137,10436,3,1,73446.68,2021-06-22,1866,0,Low
200862,11050,2,1,74664.26,2020-06-29,2224,0,Medium
201395,10650,2,3,1137.43,2018-08-24,2899,0,High
200933,11083,4,1,18705.43,2021-07-15,1843,0,Low
200162,10504,5,1,13680.97,2018-04-19,3026,0,High
201579,10701,5,1,66279.41,2020-05-12,2272,0,Medium
200994,10083,4,1,73264.75,2021-06-16,1872,0,Low
200388,10308,2,1,94005.37,2021-11-02,1733,0,Low
201440,11046,2,1,34229.77,2020-03-27,2318,0,Medium
201575,10651,3,1,23112.02,2020-01-25,2380,0,Medium
201473,10458,5,1,80938.81,2020-05-27,2257,0,Medium
201573,10396,4,1,63826.38,2020-11-09,2091,0,Low
201294,10110,1,1,25103.83,2019-11-30,2436,0,Medium
200633,10967,2,2,45666.71,2018-01-23,3112,0,High
200908,11086,4,1,14912.64,2021-08-29,1798,0,Low
201034,10558,4,1,56499.15,2020-10-15,2116,0,Low
200788,10859,1,1,61100.37,2021-02-12,1996,0,Low
200876,10230,1,1,32788.26,2020-12-24,2046,0,Low
201112,10897,1,1,17831.08,2020-01-20,2384,0,Medium
200845,10771,1,1,59428.04,2020-02-17,2357,0,Medium
201061,10738,4,1,62165.81,2020-12-01,2069,0,Low
200503,10109,5,1,60628.55,2020-01-20,2384,0,Medium
200517,11027,5,1,22243.6,2019-09-04,2523,0,Medium
200488,10102,5,1,39676.6,2020-03-01,2344,0,Medium
201272,10347,5,1,75163.27,2022-02-07,1636,0,Low
200865,10287,1,1,43414.52,2020-11-03,2097,0,Low
201426,10188,2,1,85502.37,2018-04-19,3026,0,High
200217,10282,5,1,79741.26,2018-10-08,2854,0,High
201590,10511,3,2,31528.97,2021-04-10,1939,0,Low
200565,10593,3,1,80752.27,2021-12-23,1682,0,Low
200613,10312,2,1,90626.12,2019-05-11,2639,0,High
200868,10379,3,2,65218.63,2020-07-22,2201,0,Medium
201432,10002,5,1,91104.24,2020-09-05,2156,0,Medium
201500,11037,4,1,47444.74,2021-04-19,1930,0,Low
200618,10893,4,1,23.46,2018-11-14,2817,0,High
200750,10429,2,2,13508.38,2021-03-28,1952,0,Low
200203,10062,2,1,19754.24,2019-11-17,2449,0,Medium
200486,10749,4,1,87888.34,2020-08-27,2165,0,Medium
200905,10968,1,1,60172.28,2020-01-20,2384,0,Medium
200190,10404,2,1,89478.09,2020-04-30,2284,0,Medium
201515,10061,2,1,63374.92,2018-11-22,2809,0,High
200799,10739,4,2,2549.88,2020-02-03,2371,0,Medium
200034,10293,4,1,62795.23,2018-05-29,2986,0,High
200304,10477,2,1,32577.75,2018-01-19,3116,0,High
200959,11030,5,1,81628.79,2019-03-24,2687,0,High
201131,10093,1,2,55740.69,2025-10-16,288,0,Low
201005,10856,3,1,38862.95,2021-08-21,1806,0,Low
201580,10743,4,1,86594.9,2018-01-27,3108,0,High
201629,10225,3,1,76565.33,2018-10-29,2833,0,High
201138,10298,2,1,53510.3,2018-08-14,2909,0,High
200417,11063,1,1,87066.02,2019-09-02,2525,0,Medium
200604,10398,5,1,72545.83,2020-03-02,2343,0,Medium
201640,10315,2,3,98137.14,2019-06-25,2594,0,Medium
200032,10861,1,1,7264.93,2018-11-21,2810,0,High
201593,10367,4,1,83463.25,2019-02-09,2730,0,High
200087,10540,3,1,67038.22,2020-03-18,2327,0,Medium
200661,10978,2,1,66377.41,2021-10-13,1753,0,Low
200894,10945,1,1,22968.67,2021-06-23,1865,0,Low
200349,10604,3,1,32108.36,2021-02-25,1983,0,Low
200867,10526,3,1,48383.06,2019-07-06,2583,0,Medium
200452,10142,3,1,54244.97,2021-07-17,1841,0,Low
200971,10318,3,1,78266.95,2019-06-03,2616,0,Medium
200733,10483,1,1,35818.45,2018-02-09,3095,0,High
201124,10285,4,1,76062.25,2019-01-21,2749,0,High
200378,10821,1,1,64449,2018-06-06,2978,0,High
201223,10143,2,1,45629.49,2022-01-31,1643,0,Low
200802,10811,2,1,93495.91,2020-01-20,2384,0,Medium
201362,10198,1,2,15896.87,2020-04-13,2301,0,Medium
201036,10588,4,1,99815.57,2020-01-20,2384,0,Medium
201126,10039,5,1,5668.83,2019-10-18,2479,0,Medium
200296,10317,3,1,31711.77,2018-03-08,3068,0,High
201586,11086,4,1,26445.63,2018-07-26,2928,0,High
200048,11090,4,1,3917.79,2020-08-26,2166,0,Medium
200589,10468,5,2,90061.73,2019-12-19,2417,0,Medium
200555,10506,2,1,25866,2020-07-22,2201,0,Medium
200056,11046,1,1,27006.94,2021-11-05,1730,0,Low
200025,11044,2,3,78052.59,2021-10-11,1755,0,Low
201346,10407,2,1,51767.82,2021-05-20,1899,0,Low
201295,10331,3,1,6002.42,2020-10-13,2118,0,Low
200370,10797,3,1,2192.05,2021-05-10,1909,0,Low
201200,11078,4,1,36353.79,2018-04-01,3044,0,High
201029,10933,5,1,6436.12,2020-01-08,2397,0,Medium
200291,10021,2,1,18192.08,2018-01-29,3106,0,High
201385,10067,5,1,69440.29,2020-02-13,2361,0,Medium
200200,10667,5,2,82135.64,2021-01-26,2013,0,Low
201103,10333,1,1,22940.53,2021-12-02,1703,0,Low
200018,10628,2,1,29982.21,2019-01-24,2746,0,High
200062,10366,1,1,28243.37,2021-10-11,1755,0,Low
200560,10006,5,1,48796.06,2018-03-18,3058,0,High
201177,10573,5,1,7466.49,2018-10-27,2835,0,High
201202,10382,1,1,94962.36,2021-09-18,1778,0,Low
201366,10256,5,1,56833.65,2021-03-05,1975,0,Low
201561,10997,2,3,41771.97,2021-08-31,1796,0,Low
200069,10213,4,1,64408.19,2020-05-23,2261,0,Medium
201526,10886,2,2,54548.29,2020-10-22,2109,0,Low
200660,10396,4,1,12694.73,2020-01-20,2384,0,Medium
200125,10150,1,1,43690.88,2021-08-04,1823,0,Low
200449,10939,3,2,37914.54,2020-07-24,2199,0,Medium
201213,10425,1,1,69773.84,2018-02-16,3088,0,High
201186,10800,2,1,30899.02,2021-12-15,1690,0,Low
201323,11039,1,1,33410.46,2020-02-15,2359,0,Medium
200896,11017,2,1,96348.57,2019-09-15,2512,0,Medium
200674,11000,5,1,83192.4,2020-10-29,2102,0,Low
200553,10286,2,2,35022.44,2020-06-09,2244,0,Medium
200535,10179,4,1,2439.13,2021-05-02,1917,0,Low
201026,10027,1,1,64730.11,2021-05-12,1907,0,Low
200225,10458,3,1,86693.47,2018-04-30,3015,0,High
201260,11076,3,1,59226.92,2018-11-03,2828,0,High
200551,10056,2,1,48825,2018-05-10,3005,0,High
200709,10335,1,1,60544.65,2019-06-16,2603,0,Medium
200705,10351,5,2,1656.32,2018-09-20,2872,0,High
200085,11093,5,1,97430.19,2020-11-13,2087,0,Low
200440,10766,4,2,10136.41,2018-06-21,2963,0,High
200292,10571,5,1,25232.54,2021-03-23,1957,0,Low
200382,10519,5,1,863.22,2020-11-08,2092,0,Low
201413,11026,2,2,13489.63,2019-02-06,2733,0,High
201429,10834,1,1,44734.87,2019-03-24,2687,0,High
201085,10183,1,1,91241.89,2020-04-22,2292,0,Medium
200795,10580,1,1,14560.17,2020-03-04,2341,0,Medium
201261,10047,5,1,50024.63,2021-01-09,2030,0,Low
200508,10579,4,1,83240.3,2020-03-10,2335,0,Medium
200297,10445,1,1,68261.75,2018-01-28,3107,0,High
200441,10156,4,1,29258.38,2021-06-15,1873,0,Low
201310,10324,5,3,42802.87,2021-03-18,1962,0,Low
201298,10936,2,1,67294.52,2018-03-09,3067,0,High
200008,10096,5,1,56540.4,2019-08-19,2539,0,Medium
201568,10631,4,2,38686.52,2018-02-14,3090,0,High
200926,10103,5,1,12582.52,2020-06-24,2229,0,Medium
200183,10932,5,1,1966.25,2018-12-28,2773,0,High
200640,10570,2,1,41593.86,2019-01-12,2758,0,High
200854,10768,3,1,28557.33,2021-03-04,1976,0,Low
200089,10864,4,1,20228.38,2021-03-19,1961,0,Low
200511,10355,5,3,36038.1,2020-08-02,2190,0,Medium
200144,10798,1,1,46961.82,2019-08-07,2551,0,Medium
201003,10237,1,1,36343.94,2020-04-08,2306,0,Medium
201160,10000,4,1,54403.26,2021-08-10,1817,0,Low
200864,10678,2,1,53456.93,2020-12-31,2039,0,Low
200753,10413,3,1,28424.71,2018-10-21,2841,0,High
200029,11078,2,2,10771.85,2021-08-21,1806,0,Low
200308,10284,5,1,34977.74,2018-08-14,2909,0,High
200700,10319,2,1,125.63,2021-03-03,1977,0,Low
200582,11077,3,1,43027.89,2018-10-19,2843,0,High
200861,10391,3,1,88425.93,2021-08-02,1825,0,Low
201419,10573,3,1,47860.1,2021-04-20,1929,0,Low
201056,10705,5,1,2335.36,2021-07-23,1835,0,Low
201299,10302,1,1,80236.9,2021-01-02,2037,0,Low
201418,10142,4,2,47287.8,2019-07-18,2571,0,Medium
201176,10329,5,1,86759.91,2018-10-08,2854,0,High
201592,10683,2,1,41432.48,2019-12-02,2434,0,Medium
200158,10655,1,1,19549.3,2020-01-14,2391,0,Medium
201238,10337,4,1,5027.38,2020-08-31,2161,0,Medium
200528,10155,4,2,44233.42,2021-08-15,1812,0,Low
201320,10290,4,1,95238.5,2019-11-08,2458,0,Medium
200258,10091,4,3,35762.79,2021-11-09,1726,0,Low
200134,10054,1,1,42064.37,2020-01-20,2385,0,Medium
201284,10331,4,2,20324.39,2019-07-07,2582,0,Medium
201300,10875,4,1,59361.75,2018-12-13,2788,0,High
200577,10338,2,3,41340.47,2019-09-20,2507,0,Medium
201391,10460,2,1,99772.39,2018-06-27,2957,0,High
201038,10191,4,1,18864.78,2018-06-18,2966,0,High
201572,10996,2,1,23152.13,2019-09-10,2517,0,Medium
200664,10574,3,3,96104.79,2019-01-26,2744,0,High
200425,10043,3,1,89814.94,2021-08-01,1826,0,Low
200401,10419,5,1,95890.58,2018-08-14,2909,0,High
201353,10900,5,1,4310.09,2018-06-29,2955,0,High
201364,10909,5,1,51317.94,2021-08-29,1798,0,Low
200321,11064,1,2,88166.45,2018-08-12,2911,0,High
201275,10505,5,1,55584.89,2019-03-13,2698,0,High
201219,10296,3,2,73253.03,2021-08-16,1811,0,Low
201144,10518,4,1,80118.93,2019-04-27,2653,0,High
201460,10868,3,1,3095.33,2019-09-14,2513,0,Medium
201255,10506,1,3,58065.63,2020-02-14,2360,0,Medium
200377,10943,3,2,33213.31,2020-03-10,2335,0,Medium
200259,10329,4,1,58771.02,2021-05-20,1899,0,Low
200512,10972,4,1,12739.44,2021-06-21,1867,0,Low
201610,10582,4,1,90522.01,2020-07-30,2193,0,Medium
201116,10526,5,1,68330.67,2020-09-09,2152,0,Medium
201027,10023,5,2,63664.07,2020-07-24,2199,0,Medium
200681,10909,4,1,74699.28,2019-02-28,2711,0,High
200423,10058,1,1,55487.18,2020-10-18,2113,0,Low
201541,10418,4,1,11633.95,2020-12-28,2042,0,Low
200869,10427,1,1,74765.79,2019-10-09,2488,0,Medium
200964,10571,2,1,30485.93,2021-04-04,1945,0,Low
200852,10324,5,2,44916.07,2021-08-05,1822,0,Low
200697,10596,3,1,72735.33,2018-06-01,2983,0,High
200556,10335,1,1,71100.85,2019-03-30,2681,0,High
200072,10898,4,1,27502.3,2019-06-05,2614,0,Medium
200113,11008,1,1,40949.53,2020-11-25,2075,0,Low
200142,10852,1,1,66448.99,2020-01-20,2384,0,Medium
201041,10503,4,1,68279.42,2020-01-03,2402,0,Medium
201072,10774,5,2,54738.91,2020-06-15,2238,0,Medium
200230,10703,3,1,1880.71,2019-05-26,2624,0,High
200257,10592,3,1,45800.97,2019-08-17,2541,0,Medium
200477,10148,4,1,17927.93,2021-04-09,1940,0,Low
200538,10485,1,3,41802.86,2019-04-13,2667,0,High
200537,10065,4,1,86936.53,2020-06-09,2244,0,Medium
200376,10963,4,1,34934.85,2020-10-22,2109,0,Low
200563,10792,5,1,88391.7,2021-12-24,1681,0,Low
200924,10275,3,1,30711.95,2020-01-26,2379,0,Medium
200410,10047,2,3,64077.31,2020-01-20,2384,0,Medium
200534,10245,1,1,22328.73,2020-04-16,2298,0,Medium
200119,10423,3,1,14731.86,2019-02-04,2735,0,High
200345,10845,4,1,65332.55,2020-11-30,2070,0,Low
200720,10800,5,1,84653.06,2021-06-23,1865,0,Low
201635,10036,4,1,6167.61,2019-08-24,2534,0,Medium
200180,10925,3,2,77746.31,2019-08-26,2532,0,Medium
200690,10295,5,1,1414.2,2020-08-29,2163,0,Medium
201317,10703,2,1,92656.58,2018-12-22,2779,0,High
200639,10164,1,1,85883.71,2026-04-08,114,0,Low
200362,10645,1,1,95855.2,2020-09-10,2151,0,Medium
200701,10071,2,1,10236.67,2019-03-22,2689,0,High
201071,10504,5,1,9723.62,2021-10-24,1742,0,Low
200163,10142,4,1,11454.58,2021-12-25,1680,0,Low
200266,10904,1,1,11625.94,2019-03-08,2703,0,High
201542,10988,5,2,23883.8,2021-07-04,1854,0,Low
200323,10497,2,1,89509.95,2019-05-16,2634,0,High
200482,10676,4,1,10451.99,2022-01-21,1653,0,Low
200680,10966,1,2,94119.04,2021-03-09,1971,0,Low
200608,10099,4,1,40017.63,2018-09-18,2874,0,High
201448,11092,3,1,37012.22,2021-06-10,1878,0,Low
200435,10953,4,1,42798.97,2020-03-09,2336,0,Medium
200210,10586,1,1,3547.91,2021-02-23,1985,0,Low
201136,10810,1,1,3752.55,2021-06-03,1885,0,Low
201062,10654,2,1,7314.7,2018-01-06,3129,0,High
200123,10746,5,1,76437.12,2018-04-26,3019,0,High
200834,10920,2,1,78120.21,2021-11-15,1720,0,Low
201600,11078,4,1,57584.97,2018-06-13,2971,0,High
200269,10177,2,1,86186.6,2021-10-09,1757,0,Low
201510,10214,1,1,79377.52,2018-08-08,2915,0,High
200447,10940,5,1,21700.27,2021-04-09,1940,0,Low
200635,10421,3,1,75147.49,2020-12-25,2045,0,Low
201514,10032,4,1,1898.32,2019-11-23,2443,0,Medium
200491,11064,4,1,97672.38,2021-03-07,1973,0,Low
200326,10962,1,1,12971.96,2020-01-20,2384,0,Medium
201581,10020,1,1,29685.58,2019-03-20,2691,0,High
201398,11055,5,1,29595,2021-04-25,1924,0,Low
200812,10694,2,1,78632.33,2020-05-03,2281,0,Medium
200208,10361,4,1,45223.07,2021-10-11,1755,0,Low
201456,10142,1,1,77020.63,2019-11-10,2456,0,Medium
201095,10840,5,1,40958.84,2018-08-21,2902,0,High
201111,10389,2,1,44507.18,2018-06-12,2972,0,High
201597,10850,1,1,31808.42,2020-04-17,2297,0,Medium
200253,10867,5,2,80131.35,2019-06-28,2591,0,Medium
200293,10575,2,2,31914.05,2022-02-01,1642,0,Low
200519,10071,5,1,34268.9,2020-10-28,2103,0,Low
200165,10552,2,1,17200.82,2019-06-04,2615,0,Medium
200114,10329,1,1,51882.06,2019-03-04,2707,0,High
200814,10734,1,2,49652.84,2018-01-24,3111,0,High
200318,10789,4,2,89365.94,2021-02-12,1996,0,Low
200471,10368,1,1,61762.25,2022-02-02,1641,0,Low
201020,10571,3,2,38064.46,2018-07-31,2923,0,High
201454,10486,3,1,19636.99,2021-12-06,1699,0,Low
201465,10451,2,1,20306.04,2019-10-02,2495,0,Medium
201325,10147,5,3,24939.17,2018-02-20,3084,0,High
200969,10690,2,1,89573.21,2026-05-31,61,0,Low
200541,10183,5,1,35707.81,2020-02-15,2359,0,Medium
200155,10532,4,1,92316.86,2021-06-28,1860,0,Low
201578,10326,2,1,25771.16,2021-11-29,1706,0,Low
200169,10769,5,1,439.01,2022-01-15,1659,0,Low
200420,10189,4,1,98783.22,2020-04-07,2307,0,Medium
201355,10113,4,1,40124.36,2021-08-30,1797,0,Low
201613,10112,5,1,81061.35,2019-11-25,2441,0,Medium
201535,10873,3,1,11626.32,2018-12-15,2786,0,High
200311,10143,5,1,29319.62,2018-04-19,3026,0,High
200305,10494,3,1,77232.21,2022-02-02,1641,0,Low
201308,10194,2,1,12018.02,2019-01-06,2764,0,High
201430,10296,2,2,57836.52,2020-09-12,2149,0,Medium
201373,11046,4,1,6590.96,2021-08-08,1819,0,Low
200929,10947,1,1,52601.32,2019-05-27,2623,0,High
200514,10368,5,1,18913.39,2021-11-02,1733,0,Low
200438,10387,2,1,35297.81,2019-04-15,2665,0,High
200279,10023,2,1,40765.74,2020-12-17,2053,0,Low
201329,10611,5,1,51159.17,2018-06-06,2978,0,High
201361,10224,4,1,83467.68,2020-08-03,2189,0,Medium
200202,10323,2,1,55646.68,2020-09-21,2140,0,Low
201066,10557,1,1,48854.26,2020-12-30,2040,0,Low
200016,10274,2,1,97275.69,2018-05-15,3000,0,High
201615,10541,5,3,41668.65,2021-10-10,1756,0,Low
200252,10528,5,1,27092.55,2018-11-11,2820,0,High
200728,10667,4,3,38323.86,2020-12-09,2061,0,Low
200627,11000,2,1,83596.89,2018-02-14,3090,0,High
200133,10151,2,1,26799.85,2019-05-08,2642,0,High
200546,10009,2,1,60857.33,2020-07-24,2199,0,Medium
200647,10043,4,1,79401.9,2021-11-06,1729,0,Low
200497,10125,5,1,39886.3,2018-08-08,2915,0,High
200669,10099,2,1,31621,2020-08-18,2174,0,Medium
200010,10056,4,1,18291.1,2018-11-27,2804,0,High
201444,10264,5,1,10451.15,2019-03-14,2697,0,High
200400,10518,2,1,28969.19,2020-08-22,2170,0,Medium
201105,11025,1,2,85124.46,2021-06-01,1887,0,Low
201379,10750,3,3,87921.93,2020-06-25,2228,0,Medium
201650,10071,1,1,45620.84,2021-06-07,1881,0,Low
201277,10428,5,1,25590.59,2020-10-16,2115,0,Low
200396,10071,2,1,36635.64,2019-01-15,2755,0,High
200527,10953,5,1,62703.11,2018-08-24,2899,0,High
200128,10603,4,1,98985.61,2021-06-26,1862,0,Low
201471,10306,4,1,53116.41,2018-07-17,2937,0,High
200822,11015,3,2,6865.27,2018-03-26,3050,0,High
201410,11034,1,1,65596.26,2020-07-11,2212,0,Medium
201408,11040,2,1,7989.35,2026-07-06,25,0,Low
201065,10582,1,1,62098.01,2019-12-13,2423,0,Medium
200489,10086,2,1,77670.14,2018-08-06,2917,0,High
200077,10626,1,1,34252.99,2020-08-12,2180,0,Medium
200000,10330,2,1,35794.37,2018-04-06,3039,0,High
201638,10556,1,1,27080.14,2021-09-05,1791,0,Low
201069,10437,3,1,96340.33,2021-09-21,1775,0,Low
200095,10036,3,1,46799.14,2018-03-31,3045,0,High
200568,10284,2,1,52785.79,2018-11-20,2811,0,High
200218,10092,1,1,54398.6,2019-01-29,2741,0,High
200135,10226,2,1,87241.16,2021-10-18,1748,0,Low
201352,10565,5,1,13402.26,2019-03-26,2685,0,High
200826,10680,2,1,33050.05,2019-10-21,2476,0,Medium
200703,10226,1,1,1962.43,2018-01-10,3125,0,High
200518,10020,4,1,75643.88,2020-05-17,2267,0,Medium
200977,10227,3,1,55093.49,2021-09-17,1779,0,Low
200631,11053,2,1,29103.96,2021-11-11,1724,0,Low
200041,10894,4,1,51004.99,2021-09-13,1783,0,Low
201283,10231,5,1,74040.12,2020-10-16,2115,0,Low
201340,10481,5,1,12603.53,2019-02-18,2721,0,High
201482,10412,3,2,9383.9,2021-07-05,1853,0,Low
200831,10431,3,1,55159.56,2019-09-30,2497,0,Medium
201428,11038,3,1,48576.31,2018-05-23,2992,0,High
201207,10262,2,1,77811.93,2020-07-28,2195,0,Medium
200175,10677,4,1,96098.74,2019-09-07,2520,0,Medium
200256,10383,2,1,57873.64,2018-10-15,2847,0,High
200442,10288,3,1,367.64,2021-06-08,1880,0,Low
200015,11043,4,1,23771.4,2019-09-29,2498,0,Medium
201388,10816,2,1,94760.32,2021-03-10,1970,0,Low
200520,10162,4,1,57667.5,2019-05-25,2625,0,High
201073,10814,2,1,77462.93,2021-02-03,2005,0,Low
200616,10685,1,1,75217.21,2018-11-03,2828,0,High
201620,10039,3,1,83590.24,2020-01-20,2384,0,Medium
201518,10866,3,1,34247.23,2018-02-13,3091,0,High
200902,10183,4,2,63719.46,2020-07-12,2211,0,Medium
200358,10409,5,2,21043.13,2021-08-21,1806,0,Low
201218,10210,3,1,80261.8,2021-06-05,1883,0,Low
201214,10576,2,1,83489.55,2019-04-27,2653,0,High
200837,10333,4,1,71167.11,2021-08-04,1823,0,Low
201497,10023,3,1,12862.13,2019-01-22,2748,0,High
200030,10624,5,1,87001.16,2019-12-13,2423,0,Medium
201486,10110,5,1,46619.25,2019-11-13,2453,0,Medium
200172,10081,4,2,8550.22,2020-08-06,2186,0,Medium
200716,10939,3,1,12086.95,2019-07-01,2588,0,Medium
200045,11018,3,2,52907.3,2019-06-12,2607,0,Medium
200050,11015,1,1,68306.31,2018-05-23,2992,0,High
200026,10813,5,1,39648.89,2021-07-03,1855,0,Low
201185,10841,1,1,48602.51,2020-09-25,2136,0,Low
200364,10414,4,2,10329.63,2018-12-03,2798,0,High
200384,10078,5,1,35753.88,2020-09-27,2134,0,Low
200160,10263,1,2,66368.23,2019-05-27,2623,0,High
201560,10734,3,3,73828.52,2022-01-06,1668,0,Low
201088,10727,5,1,44869.51,2021-02-23,1985,0,Low
200458,10348,3,2,25638.44,2021-03-31,1949,0,Low
200819,10686,5,1,78870.02,2020-06-29,2224,0,Medium
200950,10210,4,1,22564.99,2021-05-17,1902,0,Low
201499,10784,1,1,63138.1,2019-12-02,2434,0,Medium
200429,10636,1,1,65027.44,2019-01-06,2764,0,High
200914,11090,2,1,30861.09,2019-05-14,2636,0,High
201409,11076,5,3,23793.44,2018-08-17,2906,0,High
200115,10899,1,2,75756.62,2019-03-24,2687,0,High
200619,10458,3,1,18105.11,2019-11-10,2456,0,Medium
200290,10914,4,1,71699.8,2021-03-23,1957,0,Low
201263,10561,1,1,91944.29,2020-02-15,2359,0,Medium
201322,10495,5,1,22577,2019-01-31,2739,0,High
200443,10954,1,1,24747.41,2021-12-01,1704,0,Low
200177,10336,5,1,21918.21,2020-07-28,2195,0,Medium
201534,10566,5,1,91124.05,2018-02-10,3094,0,High
201582,10833,5,2,54875.56,2021-02-20,1988,0,Low
201080,10026,5,3,51455.37,2021-02-14,1994,0,Low
200903,10974,1,1,43811.17,2020-06-26,2227,0,Medium
200221,10248,3,1,23691.06,2021-12-11,1694,0,Low
200178,10925,4,1,81232.7,2020-03-26,2319,0,Medium
200673,10215,5,1,11195.51,2018-08-02,2921,0,High
201128,10283,2,1,9745.79,2020-07-23,2200,0,Medium
201172,11066,1,1,90818.91,2019-02-20,2719,0,High
201553,10498,4,1,9425.47,2020-12-23,2047,0,Low
200445,10384,1,2,73494.54,2021-11-24,1711,0,Low
201141,10226,4,2,6606.28,2021-07-26,1832,0,Low
200913,11021,1,2,58204.58,2021-07-24,1834,0,Low
200955,10485,1,1,67464.66,2020-09-13,2148,0,Medium
200367,10080,3,1,39998.22,2018-08-01,2922,0,High
201024,10848,3,3,93399.46,2019-02-25,2714,0,High
200570,10972,2,1,653.92,2019-12-16,2420,0,Medium
200280,10947,5,1,62973.59,2020-11-25,2075,0,Low
201557,10293,4,1,49295.26,2020-02-07,2367,0,Medium
200623,10488,4,1,99195.49,2019-04-25,2655,0,High
201335,10199,5,1,61617.18,2019-02-04,2735,0,High
200772,10103,3,1,88437.87,2019-09-11,2516,0,Medium
200493,11007,4,2,30610.88,2019-12-24,2412,0,Medium
201014,10639,2,3,50946.19,2021-03-06,1974,0,Low
200767,10266,1,2,51519.3,2019-07-09,2580,0,Medium
200020,10155,5,1,2375.58,2018-08-02,2921,0,High
200426,10820,2,1,20126.03,2018-09-18,2874,0,High
200051,10939,5,1,39331.27,2019-11-13,2453,0,Medium
200242,10557,3,1,27998.76,2019-05-10,2640,0,High
201162,10178,1,1,13897.79,2020-12-10,2060,0,Low
201621,10262,5,1,44271.11,2019-10-19,2478,0,Medium
200455,10605,4,1,22942.6,2021-11-15,1720,0,Low
201402,10740,4,1,53136.92,2019-06-03,2616,0,Medium
200161,10666,5,1,34176.53,2019-09-26,2501,0,Medium
201417,10956,4,2,67768.59,2021-03-27,1953,0,Low
200606,10927,1,1,65362.69,2019-10-26,2471,0,Medium
201434,10677,4,1,90525.86,2018-06-08,2976,0,High
200074,10643,2,1,53088,2021-11-20,1715,0,Low
201252,10995,4,2,24322.71,2018-12-26,2775,0,High
200227,11014,4,1,21797.9,2019-12-29,2407,0,Medium
200406,10616,3,2,47341.06,2019-07-23,2566,0,Medium
201476,10966,3,1,23406.8,2020-12-22,2048,0,Low
201017,10205,3,1,70954.73,2021-03-01,1979,0,Low
201319,10512,2,1,25501.32,2019-01-29,2741,0,High
201513,10467,4,1,38406.79,2021-02-23,1985,0,Low
200157,11020,5,1,90501.59,2020-03-23,2322,0,Medium
200968,10643,3,1,81894.1,2020-01-15,2390,0,Medium
201463,10746,4,1,74521.41,2019-10-16,2481,0,Medium
201122,10964,2,1,10718.14,2020-01-04,2401,0,Medium
200989,11090,2,1,81887.75,2021-10-20,1746,0,Low
201380,10274,4,1,37669.33,2021-04-08,1941,0,Low
200143,10459,4,1,57243.27,2020-10-11,2120,0,Low
200459,10464,3,1,15412.78,2019-06-26,2593,0,Medium
200391,10331,4,1,21024.81,2019-10-10,2487,0,Medium
200090,10751,5,1,89098.68,2020-01-20,2384,0,Medium
201015,10710,1,1,8599.63,2020-03-13,2332,0,Medium
201083,10066,5,1,32364.42,2020-01-20,2384,0,Medium
200328,10767,5,1,76680.71,2020-04-15,2299,0,Medium
200204,10948,2,1,70671.2,2018-11-02,2829,0,High
200779,10364,4,2,90961.09,2020-02-18,2356,0,Medium
200813,10686,4,1,72958.82,2018-03-22,3054,0,High
200717,10399,1,2,98107.24,2020-11-16,2084,0,Low
200078,10818,3,1,98090.36,2019-03-08,2703,0,High
201234,10813,4,1,91560.54,2020-06-04,2249,0,Medium
201051,10612,3,1,27305.33,2019-10-26,2471,0,Medium
200764,10867,1,1,55666.22,2019-09-13,2514,0,Medium
200666,10933,5,1,1061.8,2021-02-11,1997,0,Low
201455,10341,1,3,66332.63,2019-10-24,2473,0,Medium
201241,10184,5,1,55292.55,2020-01-20,2384,0,Medium
200506,10223,2,2,31595.48,2020-05-05,2279,0,Medium
200585,10324,4,1,78565.48,2020-09-20,2141,0,Low
200762,10369,3,1,12527.5,2021-08-11,1816,0,Low
201293,10316,1,2,9980.49,2018-08-19,2904,0,High
200469,10873,3,1,96072.4,2019-11-17,2449,0,Medium
201307,10760,3,1,71804.64,2021-10-13,1753,0,Low
201511,10174,5,1,63263.74,2019-12-08,2428,0,Medium
200281,11078,2,2,72796.22,2021-06-30,1858,0,Low
200912,10204,1,1,80275.8,2018-01-27,3108,0,High
200352,10012,4,1,1278.55,2018-04-12,3033,0,High
200946,10642,3,1,35333.42,2018-05-22,2993,0,High
200646,10003,3,2,34279.17,2021-03-18,1962,0,Low
200057,10813,4,1,88752.79,2018-04-08,3037,0,High
200451,10225,2,1,74310.06,2018-09-19,2873,0,High
201333,10666,1,1,6545.2,2019-01-16,2754,0,High
201462,10343,4,1,10095.96,2018-10-16,2846,0,High
200637,10104,5,1,29107.64,2018-09-22,2870,0,High
200930,11023,4,2,21548.75,2021-03-02,1978,0,Low
200711,10401,5,1,90646.55,2018-12-02,2799,0,High
200282,10952,3,1,44263.88,2021-02-04,2004,0,Low
200653,10107,5,2,96342.99,2018-12-10,2791,0,High
200246,10822,2,1,13866.15,2019-04-18,2662,0,High
200626,11038,1,1,41777.22,2018-10-03,2859,0,High
200071,10251,1,1,41396.86,2019-04-27,2653,0,High
200371,11029,3,1,64876.5,2018-01-09,3126,0,High
200979,10612,2,1,9838.85,2020-04-19,2295,0,Medium
200146,10127,4,1,18292.79,2021-07-21,1837,0,Low
200659,10341,1,1,11547.82,2021-05-13,1906,0,Low
200467,10992,1,1,76335.9,2019-05-09,2641,0,High
201616,10890,5,1,52829.59,2018-06-09,2975,0,High
201173,11032,4,1,73392.62,2018-01-14,3121,0,High
200011,10899,3,1,74377.18,2019-11-14,2452,0,Medium
201348,10297,5,1,87221.88,2018-08-26,2897,0,High
200874,10179,4,1,17416,2021-11-05,1730,0,Low
200394,10362,2,2,88074.56,2019-03-31,2680,0,High
200065,10188,3,2,68044.08,2019-10-28,2469,0,Medium
201280,10883,4,1,59745.47,2018-08-18,2905,0,High
201265,10160,4,2,17445.47,2020-08-05,2187,0,Medium
200150,10671,4,1,11656.24,2018-08-17,2906,0,High
201259,11038,1,1,54019.62,2019-06-05,2614,0,Medium
201611,10770,3,1,29106.43,2020-11-17,2083,0,Low
201517,10691,4,1,27914.36,2020-01-20,2384,0,Medium
200403,10899,1,1,86345.27,2020-10-02,2129,0,Low
201451,10067,1,1,26329.52,2018-09-15,2877,0,High
200042,11000,1,1,49130.24,2021-09-07,1789,0,Low
200780,10864,1,1,55203.69,2022-01-29,1645,0,Low
200662,10241,4,3,38867.56,2018-11-19,2812,0,High
200098,10247,4,2,55767.16,2018-04-09,3036,0,High
200505,10984,4,1,60738.23,2018-11-03,2828,0,High
200530,10393,1,1,76398.08,2021-06-05,1883,0,Low
200856,10439,5,1,69838.48,2018-05-14,3001,0,High
200694,10040,5,2,8485.52,2018-07-23,2931,0,High
201174,10272,5,2,59399.4,2019-10-14,2483,0,Medium
200222,10292,3,1,26687.34,2020-04-15,2299,0,Medium
200179,11019,5,2,70346.07,2021-03-23,1957,0,Low
201180,10468,2,1,49281.56,2019-08-27,2531,0,Medium
200791,10361,5,1,27769.52,2020-12-20,2050,0,Low
201376,10297,4,1,25923.76,2018-12-13,2788,0,High
201624,10394,1,2,38947.17,2020-02-27,2347,0,Medium
200811,10016,5,1,82326.71,2018-01-25,3110,0,High
200249,10530,2,1,80601.43,2018-10-07,2855,0,High
200526,10175,5,1,4615.44,2020-04-10,2304,0,Medium
200777,10670,2,1,11722.66,2018-12-17,2784,0,High
200607,10766,3,1,39515.33,2020-09-06,2155,0,Medium
200301,10203,2,1,32868.19,2018-08-12,2911,0,High
201368,10147,1,1,11221.19,2018-09-14,2878,0,High
201004,10819,3,1,63829.76,2020-10-20,2111,0,Low
200024,10446,1,1,10210.82,2021-03-28,1952,0,Low
201606,10458,1,1,12674.71,2021-11-01,1734,0,Low
200787,10299,4,1,20001.77,2020-05-05,2279,0,Medium
201291,10782,4,1,33344.03,2019-02-09,2730,0,High
200746,10130,2,2,12704.95,2018-06-13,2971,0,High
201449,10690,2,1,99758.48,2021-12-17,1688,0,Low
201053,10603,1,3,97456.04,2020-01-10,2395,0,Medium
200009,10818,5,1,2281.62,2019-09-25,2502,0,Medium
200055,10267,1,2,46869.95,2018-02-19,3085,0,High
201371,10465,3,1,50412.12,2020-01-12,2393,0,Medium
201106,10243,5,1,62974.45,2018-12-13,2788,0,High
200592,10153,1,2,8794.16,2020-09-22,2139,0,Low
200419,10862,1,1,13836.35,2020-11-14,2086,0,Low
200925,10414,5,1,47599.74,2018-10-23,2839,0,High
201626,11080,4,2,24007.71,2021-01-11,2028,0,Low
200284,10543,5,1,66775.28,2021-04-04,1945,0,Low
200937,10297,5,2,91725.64,2019-07-18,2571,0,Medium
201309,10620,2,1,63150.87,2021-05-28,1891,0,Low
200584,10457,4,1,8326.71,2018-05-15,3000,0,High
200844,10730,1,1,50695.5,2018-02-09,3095,0,High
